Ticker | Company Name
A      | Agilent Technologies Inc.
AA     | Alcoa Corporation
AAC    | Ares Acquisition Corporation
AAIC   | Arlington Asset Investment Corp.
AAM    | American Axle & Manufacturing Holdings Inc.
AAP    | Advance Auto Parts Inc.
AAT    | American Assets Trust Inc.
AB     | AllianceBernstein Holding L.P.
ABB    | ABB Ltd
ABBV   | AbbVie Inc.
ABC    | AmerisourceBergen Corp
ABEV   | Ambev S.A.
ABG    | Asbury Automotive Group Inc.
ABM    | ABM Industries Incorporated
ABR    | Arbor Realty Trust Inc.
ABT    | Abbott Laboratories
AC     | Associated Capital Group Inc.
ACA    | Arcosa Inc.
ACCO   | ACCO Brands Corporation
ACEL   | Accel Entertainment Inc.
ACI    | Albertsons Companies Inc.
ACM    | AECOM
ACN    | Accenture plc
ACRE   | Ares Commercial Real Estate Corporation
ADC    | Agree Realty Corporation
ADM    | Archer-Daniels-Midland Company
ADNT   | Adient plc
ADS    | Alliance Data Systems Corporation
ADT    | ADT Inc.
AEE    | Ameren Corporation
AEG    | Aegon N.V.
AEL    | American Equity Investment Life Holding Company
AEM    | Agnico Eagle Mines Limited
AEO    | American Eagle Outfitters Inc.
AEP    | American Electric Power Company Inc.
AER    | AerCap Holdings N.V.
AES    | The AES Corporation
AFG    | American Financial Group Inc.
AFL    | Aflac Incorporated
AG     | First Majestic Silver Corp.
AGCO   | AGCO Corporation
AGI    | Alamos Gold Inc.
AGM    | Federal Agricultural Mortgage Corporation
AGO    | Assured Guaranty Ltd.
AGR    | Avangrid Inc.
AGRO   | Adecoagro S.A.
AGX    | Argan Inc.
AHC    | A.H. Belo Corporation
AHH    | Armada Hoffler Properties Inc.
AHL    | Aspen Insurance Holdings Limited
AHT    | Ashford Hospitality Trust Inc.
AI     | C3.ai Inc.
AIG    | American International Group Inc.
AIN    | Albany International Corp.
AIR    | AAR Corp.
AIT    | Applied Industrial Technologies Inc.
AIV    | Apartment Investment and Management Company
AIZ    | Assurant Inc.
AJG    | Arthur J. Gallagher & Co.
AJX    | Great Ajax Corp.
AKR    | Acadia Realty Trust
AL     | Air Lease Corporation
ALB    | Albemarle Corporation
ALC    | Alcon Inc.
ALE    | ALLETE Inc.
ALEX   | Alexander & Baldwin Inc.
ALG    | Alamo Group Inc.
ALK    | Alaska Air Group Inc.
ALL    | The Allstate Corporation
ALLE   | Allegion plc
ALLY   | Ally Financial Inc.
ALSN   | Allison Transmission Holdings Inc.
ALV    | Autoliv Inc.
ALX    | Alexander's Inc.
AM     | Antero Midstream Corporation
AMBC   | Ambac Financial Group Inc.
AMC    | AMC Entertainment Holdings Inc.
AMCR   | Amcor plc
AME    | AMETEK Inc.
AMG    | Affiliated Managers Group Inc.
AMH    | American Homes 4 Rent
AMK    | AssetMark Financial Holdings Inc.
AMN    | AMN Healthcare Services Inc.
AMOV   | America Movil S.A.B. de C.V.
AMP    | Ameriprise Financial Inc.
AMRC   | Ameresco Inc.
AMRX   | Amneal Pharmaceuticals Inc.
AMT    | American Tower Corporation
AMWL   | American Well Corporation
AMX    | America Movil S.A.B. de C.V.
AN     | AutoNation Inc.
ANET   | Arista Networks Inc.
ANF    | Abercrombie & Fitch Co.
ANH    | Anworth Mortgage Asset Corporation
ANTM   | Anthem Inc.
AON    | Aon plc
AOS    | A.O. Smith Corporation
AP     | Ampco-Pittsburgh Corporation
APAM   | Artisan Partners Asset Management Inc.
APD    | Air Products and Chemicals Inc.
APEI   | American Public Education Inc.
APG    | APi Group Corporation
APH    | Amphenol Corporation
APLE   | Apple Hospitality REIT Inc.
APO    | Apollo Global Management Inc.
APRN   | Blue Apron Holdings Inc.
APTV   | Aptiv PLC
AQUA   | Evoqua Water Technologies Corp.
AR     | Antero Resources Corporation
ARC    | ARC Document Solutions Inc.
ARCH   | Arch Resources Inc.
ARCO   | Arcos Dorados Holdings Inc.
ARD    | Ardagh Group S.A.
ARE    | Alexandria Real Estate Equities Inc.
ARES   | Ares Management Corporation
ARGO   | Argo Group International Holdings Ltd.
ARI    | Apollo Commercial Real Estate Finance Inc.
ARL    | American Realty Investors Inc.
ARLO   | Arlo Technologies Inc.
ARMK   | Aramark
ARNC   | Arconic Corporation
AROC   | Archrock Inc.
ARR    | ARMOUR Residential REIT Inc.
ARW    | Arrow Electronics Inc.
ASA    | ASA Gold and Precious Metals Limited
ASAN   | Asana Inc.
ASB    | Associated Banc-Corp
ASC    | Ardmore Shipping Corporation
ASG    | Liberty All-Star Growth Fund Inc.
ASGN   | ASGN Incorporated
ASH    | Ashland Global Holdings Inc.
ASIX   | AdvanSix Inc.
ASPN   | Aspen Aerogels Inc.
ASR    | Grupo Aeroportuario del Sureste S.A.B. de C.V.
ASX    | ASE Technology Holding Co. Ltd.
AT     | Atlantic Power Corporation
ATEN   | A10 Networks Inc.
ATGE   | Adtalem Global Education Inc.
ATH    | Athene Holding Ltd.
ATI    | Allegheny Technologies Incorporated
ATKR   | Atkore International Group Inc.
ATO    | Atmos Energy Corporation
ATR    | AptarGroup Inc.
ATTO   | Atento S.A.
ATUS   | Altice USA Inc.
AU     | AngloGold Ashanti Limited
AVA    | Avista Corporation
AVAL   | Grupo Aval Acciones y Valores S.A.
AVB    | AvalonBay Communities Inc.
AVD    | American Vanguard Corporation
AVLR   | Avalara Inc.
AVNS   | Avanos Medical Inc.
AVNT   | Avient Corporation
AVTR   | Avantor Inc.
AVY    | Avery Dennison Corporation
AVYA   | Avaya Holdings Corp.
AWK    | American Water Works Company Inc.
AWR    | American States Water Company
AX     | Axos Financial Inc.
AXL    | American Axle & Manufacturing Holdings Inc.
AXP    | American Express Company
AXR    | AMREP Corporation
AXS    | AXIS Capital Holdings Limited
AXTA   | Axalta Coating Systems Ltd.
AYI    | Acuity Brands Inc.
AYX    | Alteryx Inc.
AZEK   | The AZEK Company Inc.
AZN    | AstraZeneca PLC
AZO    | AutoZone Inc.
AZZ    | AZZ Inc.
B      | Barnes Group Inc.
BA     | The Boeing Company
BABA   | Alibaba Group Holding Limited
BAC    | Bank of America Corporation
BAH    | Booz Allen Hamilton Holding Corporation
BAM    | Brookfield Asset Management Inc.
BANC   | Banc of California Inc.
BAP    | Credicorp Ltd.
BAX    | Baxter International Inc.
BB     | BlackBerry Limited
BBD    | Banco Bradesco S.A.
BBDO   | Banco Bradesco S.A.
BBVA   | Banco Bilbao Vizcaya Argentaria S.A.
BBY    | Best Buy Co. Inc.
BC     | Brunswick Corporation
BCC    | Boise Cascade Company
BCE    | BCE Inc.
BCH    | Banco de Chile
BCO    | The Brink's Company
BCR    | Bard (C.R.) Inc.
BCS    | Barclays PLC
BDC    | Belden Inc.
BDN    | Brandywine Realty Trust
BDX    | Becton Dickinson and Company
BE     | Bloom Energy Corporation
BEKE   | KE Holdings Inc.
BEN    | Franklin Resources Inc.
BEP    | Brookfield Renewable Partners L.P.
BERY   | Berry Global Group Inc.
BF.A   | Brown-Forman Corporation
BF.B   | Brown-Forman Corporation
BG     | Bunge Limited
BGS    | B&G Foods Inc.
BGSF   | BG Staffing Inc.
BH     | Biglari Holdings Inc.
BHC    | Bausch Health Companies Inc.
BHE    | Benchmark Electronics Inc.
BHP    | BHP Group
BHR    | Braemar Hotels & Resorts Inc.
BHVN   | Biohaven Pharmaceutical Holding Company Ltd.
BIDU   | Baidu Inc.
BIG    | Big Lots Inc.
BILL   | Bill.com Holdings Inc.
BIO    | Bio-Rad Laboratories Inc.
BIP    | Brookfield Infrastructure Partners L.P.
BIT    | BlackRock Multi-Sector Income Trust
BJ     | BJ's Wholesale Club Holdings Inc.
BK     | The Bank of New York Mellon Corporation
BKD    | Brookdale Senior Living Inc.
BKE    | The Buckle Inc.
BKH    | Black Hills Corporation
BKI    | Black Knight Inc.
BKR    | Baker Hughes Company
BLD    | TopBuild Corp.
BLK    | BlackRock Inc.
BLL    | Ball Corporation
BMY    | Bristol-Myers Squibb Company
BNED   | Barnes & Noble Education Inc.
BNS    | The Bank of Nova Scotia
BOE    | BlackRock Enhanced Global Dividend Trust
BOH    | Bank of Hawaii Corporation
BOOT   | Boot Barn Holdings Inc.
BORR   | Borr Drilling Limited
BOX    | Box Inc.
BP     | BP p.l.c.
BPL    | Buckeye Partners L.P.
BPMC   | Blueprint Medicines Corporation
BR     | Broadridge Financial Solutions Inc.
BRC    | Brady Corporation
BRFS   | BRF S.A.
BRK.A  | Berkshire Hathaway Inc.
BRK.B  | Berkshire Hathaway Inc.
BRO    | Brown & Brown Inc.
BRT    | BRT Apartments Corp.
BRX    | Brixmor Property Group Inc.
BSAC   | Banco Santander-Chile
BSBR   | Banco Santander (Brasil) S.A.
BSIG   | BrightSphere Investment Group Inc.
BSM    | Black Stone Minerals L.P.
BSMX   | Banco Santander Mexico S.A. Institucion de Banca Multiple
BST    | BlackRock Science and Technology Trust
BSX    | Boston Scientific Corporation
BT     | BT Group plc
BTA    | BlackRock Long-Term Municipal Advantage Trust
BTE    | Baytex Energy Corp.
BTI    | British American Tobacco p.l.c.
BTN    | Ballantyne Strong Inc.
BTO    | John Hancock Financial Opportunities Fund
BTT    | BlackRock Municipal Target Term Trust
BTU    | Peabody Energy Corporation
BUD    | Anheuser-Busch InBev SA/NV
BURL   | Burlington Stores Inc.
BV     | BrightView Holdings Inc.
BVN    | Compania de Minas Buenaventura S.A.A.
BW     | Babcock & Wilcox Enterprises Inc.
BWA    | BorgWarner Inc.
BWXT   | BWX Technologies Inc.
BX     | Blackstone Group Inc.
BXC    | BlueLinx Holdings Inc.
BXG    | Bluegreen Vacations Corporation
BXP    | Boston Properties Inc.
BXS    | BancorpSouth Bank
BY     | Byline Bancorp Inc.
BYD    | Boyd Gaming Corporation
BZH    | Beazer Homes USA Inc.
C      | Citigroup Inc.
CAAP   | Corporacion America Airports S.A.
CABO   | Cable One Inc.
CACI   | CACI International Inc
CADE   | Cadence Bank
CAE    | CAE Inc.
CAF    | Morgan Stanley China A Share Fund Inc.
CAG    | Conagra Brands Inc.
CAH    | Cardinal Health Inc.
CAI    | CAI International Inc.
CAJ    | Canon Inc.
CAL    | Caleres Inc.
CALX   | Calix Inc.
CARR   | Carrier Global Corporation
CARS   | Cars.com Inc.
CAS    | Cascade Acquisition Corp.
CAT    | Caterpillar Inc.
CATO   | The Cato Corporation
CB     | Chubb Limited
CBB    | Cincinnati Bell Inc.
CBD    | Companhia Brasileira de Distribuicao
CBG    | CBRE Group Inc.
CBI    | Chicago Bridge & Iron Company N.V.
CBK    | Christopher & Banks Corporation
CBL    | CBL & Associates Properties Inc.
CBM    | Cambrex Corporation
CBOE   | Cboe Global Markets Inc.
CBRE   | CBRE Group Inc.
CBT    | Cabot Corporation
CBU    | Community Bank System Inc.
CBZ    | CBIZ Inc.
CC     | The Chemours Company
CCJ    | Cameco Corporation
CCK    | Crown Holdings Inc.
CCL    | Carnival Corporation
CCM    | Concord Medical Services Holdings Limited
CCO    | Clear Channel Outdoor Holdings Inc.
CCR    | CONSOL Coal Resources LP
CCS    | Century Communities Inc.
CCU    | Compania Cervecerias Unidas S.A.
CCZ    | Comcast Corporation
CDAY   | Ceridian HCM Holding Inc.
CDE    | Coeur Mining Inc.
CDR    | Cedar Realty Trust Inc.
CE     | Celanese Corporation
CEIX   | CONSOL Energy Inc.
CEL    | Cellcom Israel Ltd.
CEM    | ClearBridge MLP and Midstream Fund Inc.
CEN    | Center Coast Brookfield MLP & Energy Infrastructure Fund
CEO    | CNOOC Limited
CEQP   | Crestwood Equity Partners LP
CF     | CF Industries Holdings Inc.
CFG    | Citizens Financial Group Inc.
CFR    | Cullen/Frost Bankers Inc.
CFX    | Colfax Corporation
CGA    | China Green Agriculture Inc.
CGC    | Canopy Growth Corporation
CHA    | China Telecom Corporation Limited
CHCT   | Community Healthcare Trust Incorporated
CHD    | Church & Dwight Co. Inc.
CHE    | Chemed Corporation
CHGG   | Chegg Inc.
CHH    | Choice Hotels International Inc.
CHK    | Chesapeake Energy Corporation
CHKR   | Chesapeake Granite Wash Trust
CHL    | China Mobile Limited
CHMI   | Cherry Hill Mortgage Investment Corporation
CHN    | China Fund Inc.
CHRA   | Charah Solutions Inc.
CHS    | Chico's FAS Inc.
CHT    | Chunghwa Telecom Co. Ltd.
CHU    | China Unicom (Hong Kong) Limited
CHWY   | Chewy Inc.
CI     | Cigna Corporation
CIA    | Citizens Inc.
CIB    | Bancolombia S.A.
CIEN   | Ciena Corporation
CIG    | Companhia Energetica de Minas Gerais
CIGO   | Colliers International Group Inc.
CIM    | Chimera Investment Corporation
CINR   | Ciner Resources LP
CIO    | City Office REIT Inc.
CIR    | CIRCOR International Inc.
CIT    | CIT Group Inc.
CIVI   | Civitas Resources Inc.
CIX    | CompX International Inc.
CL     | Colgate-Palmolive Company
CLA    | Colonnade Acquisition Corp.
CLB    | Core Laboratories N.V.
CLDR   | Cloudera Inc.
CLDT   | Chatham Lodging Trust
CLF    | Cleveland-Cliffs Inc.
CLGX   | CoreLogic Inc.
CLH    | Clean Harbors Inc.
CLI    | Mack-Cali Realty Corporation
CLNY   | Colony Capital Inc.
CLPR   | Clipper Realty Inc.
CLR    | Continental Resources Inc.
CLS    | Celestica Inc.
CLW    | Clearwater Paper Corporation
CLX    | The Clorox Company
CM     | Canadian Imperial Bank of Commerce
CMA    | Comerica Incorporated
CMC    | Commercial Metals Company
CMCM   | Cheetah Mobile Inc.
CMD    | Cantel Medical Corp.
CMG    | Chipotle Mexican Grill Inc.
CMI    | Cummins Inc.
CMO    | Capstead Mortgage Corporation
CMP    | Compass Minerals International Inc.
CMRE   | Costamare Inc.
CMS    | CMS Energy Corporation
CMU    | MFS High Yield Municipal Trust
CNA    | CNA Financial Corporation
CNC    | Centene Corporation
CNHI   | CNH Industrial N.V.
CNI    | Canadian National Railway Company
CNK    | Cinemark Holdings Inc.
CNMD   | CONMED Corporation
CNNE   | Cannae Holdings Inc.
CNO    | CNO Financial Group Inc.
CNP    | CenterPoint Energy Inc.
CNQ    | Canadian Natural Resources Limited
CNR    | Cornerstone Building Brands Inc.
CNS    | Cohen & Steers Inc.
CNX    | CNX Resources Corporation
CO     | Global Cord Blood Corporation
CODI   | Compass Diversified
COE    | China Online Education Group
COF    | Capital One Financial Corporation
COG    | Cabot Oil & Gas Corporation
COHR   | Coherent Inc.
COLD   | Americold Realty Trust
COO    | The Cooper Companies Inc.
COP    | ConocoPhillips
COR    | CoreSite Realty Corporation
CORR   | CorEnergy Infrastructure Trust Inc.
COST   | Costco Wholesale Corporation
COT    | Cott Corporation
COTY   | Coty Inc.
CP     | Canadian Pacific Railway Limited
CPA    | Copa Holdings S.A.
CPB    | Campbell Soup Company
CPE    | Callon Petroleum Company
CPG    | Crescent Point Energy Corp.
CPK    | Chesapeake Utilities Corporation
CPL    | CPFL Energia S.A.
CPRI   | Capri Holdings Limited
CPS    | Cooper-Standard Holdings Inc.
CPT    | Camden Property Trust
CR     | Crane Co.
CRC    | California Resources Corporation
CRD.A  | Crawford & Company
CRD.B  | Crawford & Company
CRH    | CRH plc
CRI    | Carter's Inc.
CRK    | Comstock Resources Inc.
CRL    | Charles River Laboratories International Inc.
CRM    | Salesforce.com Inc.
CRS    | Carpenter Technology Corporation
CRT    | Cross Timbers Royalty Trust
CRY    | CryoLife Inc.
CS     | Credit Suisse Group AG
CSL    | Carlisle Companies Incorporated
CSLT   | Castlight Health Inc.
CSTM   | Constellium SE
CSU    | Capital Senior Living Corporation
CSV    | Carriage Services Inc.
CTAA   | Qwest Corporation
CTB    | Cooper Tire & Rubber Company
CTBB   | Qwest Corporation
CTDD   | Qwest Corporation
CTL    | CenturyLink Inc.
CTLT   | Catalent Inc.
CTO    | CTO Realty Growth Inc.
CTR    | ClearBridge MLP and Midstream Fund Inc.
CTRA   | Coterra Energy Inc.
CTS    | CTS Corporation
CTT    | CatchMark Timber Trust Inc.
CTVA   | Corteva Inc.
CTY    | Qwest Corporation
CUB    | Cubic Corporation
CUBE   | CubeSmart
CUBI   | Customers Bancorp Inc.
CUZ    | Cousins Properties Incorporated
CVA    | Covanta Holding Corporation
CVE    | Cenovus Energy Inc.
CVEO   | Civeo Corporation
CVI    | CVR Energy Inc.
CVNA   | Carvana Co.
CVS    | CVS Health Corporation
CVX    | Chevron Corporation
CW     | Curtiss-Wright Corporation
CWEN   | Clearway Energy Inc.
CWH    | Camping World Holdings Inc.
CWK    | Cushman & Wakefield plc
CWT    | California Water Service Group
CX     | CEMEX S.A.B. de C.V.
CXH    | MFS High Income Municipal Trust
CXO    | Concho Resources Inc.
CXP    | Columbia Property Trust Inc.
CXW    | CoreCivic Inc.
CYD    | China Yuchai International Limited
CYH    | Community Health Systems Inc.
CZZ    | Cosan Limited
D      | Dominion Energy Inc.
DAC    | Danaos Corporation
DAL    | Delta Air Lines Inc.
DAN    | Dana Incorporated
DAR    | Darling Ingredients Inc.
DATA   | Tableau Software Inc.
DAVA   | Endava plc
DB     | Deutsche Bank Aktiengesellschaft
DBD    | Diebold Nixdorf Incorporated
DBI    | Designer Brands Inc.
DCI    | Donaldson Company Inc.
DCO    | Ducommun Incorporated
DCP    | DCP Midstream LP
DD     | DuPont de Nemours Inc.
DDS    | Dillard's Inc.
DE     | Deere & Company
DECK   | Deckers Outdoor Corporation
DEI    | Douglas Emmett Inc.
DELL   | Dell Technologies Inc.
DEN    | Denbury Inc.
DEO    | Diageo plc
DESP   | Despegar.com Corp.
DEX    | Delaware Enhanced Global Dividend and Income Fund
DFIN   | Donnelley Financial Solutions Inc.
DFS    | Discover Financial Services
DG     | Dollar General Corporation
DGX    | Quest Diagnostics Incorporated
DHI    | D.R. Horton Inc.
DHR    | Danaher Corporation
DHT    | DHT Holdings Inc.
DHX    | DHI Group Inc.
DIN    | Dine Brands Global Inc.
DIS    | The Walt Disney Company
DK     | Delek US Holdings Inc.
DKL    | Delek Logistics Partners LP
DKS    | Dick's Sporting Goods Inc.
DL     | China Distance Education Holdings Limited
DLB    | Dolby Laboratories Inc.
DLNG   | Dynagas LNG Partners LP
DLPH   | Delphi Technologies PLC
DLR    | Digital Realty Trust Inc.
DLX    | Deluxe Corporation
DLY    | DoubleLine Yield Opportunities Fund
DM     | Desktop Metal Inc.
DMB    | Dreyfus Municipal Bond Infrastructure Fund Inc.
DMO    | Western Asset Mortgage Opportunity Fund Inc.
DMS    | Digital Media Solutions Inc.
DNB    | Dun & Bradstreet Holdings Inc.
DNMR   | Danimer Scientific Inc.
DNN    | Denison Mines Corp.
DNOW   | NOW Inc.
DNP    | DNP Select Income Fund Inc.
DOC    | Physicians Realty Trust
DOCS   | Doximity Inc.
DOMA   | Doma Holdings Inc.
DOOR   | Masonite International Corporation
DOUG   | Douglas Elliman Inc.
DOV    | Dover Corporation
DOW    | Dow Inc.
DPG    | Duff & Phelps Global Utility Income Fund Inc.
DPZ    | Domino's Pizza Inc.
DQ     | Daqo New Energy Corp.
DRD    | DRDGOLD Limited
DRE    | Duke Realty Corporation
DRH    | DiamondRock Hospitality Company
DRI    | Darden Restaurants Inc.
DRQ    | Dril-Quip Inc.
DS     | Drive Shack Inc.
DSE    | Duff & Phelps Select Energy MLP Fund Inc.
DSL    | DoubleLine Income Solutions Fund
DSM    | Dreyfus Strategic Municipal Bond Fund Inc.
DSP    | Viant Technology Inc.
DSX    | Diana Shipping Inc.
DT     | Dynatrace Inc.
DTE    | DTE Energy Company
DTF    | DTF Tax-Free Income Inc.
DTJ    | DTE Energy Company
DTL    | DTE Energy Company
DTM    | DT Midstream Inc.
DTQ    | DTE Energy Company
DTR    | DTE Energy Company
DUK    | Duke Energy Corporation
DVA    | DaVita Inc.
DVD    | Dover Motorsports Inc.
DVN    | Devon Energy Corporation
DX     | Dynex Capital Inc.
DXC    | DXC Technology Company
DY     | Dycom Industries Inc.
E      | Eni S.p.A.
EAF    | GrafTech International Ltd.
EAT    | Brinker International Inc.
EB     | Eventbrite Inc.
EBF    | Ennis Inc.
EBR    | Centrais Eletricas Brasileiras S.A. - Eletrobras
EBS    | Emergent BioSolutions Inc.
EC     | Ecopetrol S.A.
ECC    | Eagle Point Credit Company Inc.
ECL    | Ecolab Inc.
ECOM   | ChannelAdvisor Corporation
ECR    | Eclipse Resources Corporation
ECT    | ECA Marcellus Trust I
ED     | Consolidated Edison Inc.
EDD    | Morgan Stanley Emerging Markets Domestic Debt Fund Inc.
EDF    | Stone Harbor Emerging Markets Income Fund
EDI    | Stone Harbor Emerging Markets Total Income Fund
EDN    | Empresa Distribuidora y Comercializadora Norte S.A.
EDU    | New Oriental Education & Technology Group Inc.
EE     | El Paso Electric Company
EEA    | The European Equity Fund Inc.
EEX    | Emerald Holding Inc.
EFC    | Ellington Financial Inc.
EFL    | Ellington Financial Inc.
EFR    | Eaton Vance Senior Floating-Rate Fund
EFT    | Eaton Vance Floating-Rate Income Trust
EFX    | Equifax Inc.
EGF    | BlackRock Enhanced Government Fund Inc.
EGHT   | 8x8 Inc.
EGO    | Eldorado Gold Corporation
EGP    | EastGroup Properties Inc.
EGY    | Vaalco Energy Inc.
EHC    | Encompass Health Corporation
EHI    | Western Asset Global High Income Fund Inc.
EHT    | Eaton Vance High Income 2021 Target Term Trust
EIC    | Eagle Point Income Company Inc.
EIG    | Employers Holdings Inc.
EIX    | Edison International
EL     | The Estee Lauder Companies Inc.
ELAN   | Elanco Animal Health Incorporated
ELAT   | Elanco Animal Health Incorporated
ELP    | Companhia Paranaense de Energia - COPEL
ELS    | Equity LifeStyle Properties Inc.
ELVT   | Elevate Credit Inc.
ELY    | Callaway Golf Company
EMD    | Western Asset Emerging Markets Debt Fund Inc.
EME    | EMCOR Group Inc.
EMF    | Templeton Emerging Markets Fund
EMN    | Eastman Chemical Company
EMO    | ClearBridge Energy Midstream Opportunity Fund Inc.
EMP    | Entergy Mississippi LLC
EMR    | Emerson Electric Co.
ENB    | Enbridge Inc.
ENBL   | Enable Midstream Partners LP
ENIA   | Enel Americas S.A.
ENIC   | Enel Chile S.A.
ENJ    | Entergy New Orleans LLC
ENLC   | EnLink Midstream LLC
ENO    | Entergy New Orleans LLC
ENR    | Energizer Holdings Inc.
ENS    | EnerSys
ENV    | Envestnet Inc.
ENVA   | Enova International Inc.
ENZ    | Enzo Biochem Inc.
EOG    | EOG Resources Inc.
EOI    | Eaton Vance Enhanced Equity Income Fund
EOS    | Eaton Vance Enhanced Equity Income Fund II
EOT    | Eaton Vance National Municipal Opportunities Trust
EPAC   | Enerpac Tool Group Corp.
EPAM   | EPAM Systems Inc.
EPC    | Edgewell Personal Care Company
EPD    | Enterprise Products Partners L.P.
EPR    | EPR Properties
EQC    | Equity Commonwealth
EQH    | Equitable Holdings Inc.
EQNR   | Equinor ASA
EQR    | Equity Residential
EQS    | Equus Total Return Inc.
EQT    | EQT Corporation
ERF    | Enerplus Corporation
ERJ    | Embraer S.A.
ES     | Eversource Energy
ESE    | ESCO Technologies Inc.
ESGC   | Eros STX Global Corporation
ESI    | Element Solutions Inc
ESM    | ESM Acquisition Corporation
ESNT   | Essent Group Ltd.
ESRT   | Empire State Realty Trust Inc.
ESS    | Essex Property Trust Inc.
ESTC   | Elastic N.V.
ESTE   | Earthstone Energy Inc.
ET     | Energy Transfer LP
ETG    | Eaton Vance Tax-Managed Global Diversified Equity Income Fund
ETH    | Ethan Allen Interiors Inc.
ETJ    | Eaton Vance Risk-Managed Diversified Equity Income Fund
ETM    | Entercom Communications Corp.
ETN    | Eaton Corporation plc
ETO    | Eaton Vance Tax-Advantaged Global Dividend Opportunities Fund
ETP    | Energy Transfer Partners L.P.
ETR    | Entergy Corporation
ETRN   | Equitrans Midstream Corporation
ETV    | Eaton Vance Tax-Managed Buy-Write Opportunities Fund
ETW    | Eaton Vance Tax-Managed Global Buy-Write Opportunities Fund
ETY    | Eaton Vance Tax-Managed Diversified Equity Income Fund
EURN   | Euronav NV
EV     | Eaton Vance Corp.
EVA    | Enviva Partners LP
EVC    | Entravision Communications Corporation
EVF    | Eaton Vance Senior Income Trust
EVG    | Eaton Vance Short Duration Diversified Income Fund
EVH    | Evolent Health Inc.
EVN    | Eaton Vance Municipal Income Trust
EVR    | Evercore Inc.
EVRG   | Evergy Inc.
EVRI   | Everi Holdings Inc.
EVT    | Eaton Vance Tax-Advantaged Dividend Income Fund
EVTC   | Evertec Inc.
EW     | Edwards Lifesciences Corporation
EXC    | Exelon Corporation
EXD    | Eaton Vance Tax-Managed Buy-Write Strategy Fund
EXG    | Eaton Vance Tax-Managed Global Diversified Equity Income Fund
EXK    | Endeavour Silver Corp.
EXP    | Eagle Materials Inc.
EXPR   | Express Inc.
EXR    | Extra Space Storage Inc.
EXTN   | Exterran Corporation
F      | Ford Motor Company
FAF    | First American Financial Corporation
FAM    | First Trust/Aberdeen Global Opportunity Income Fund
FANG   | Diamondback Energy Inc.
FBC    | Flagstar Bancorp Inc.
FBHS   | Fortune Brands Home & Security Inc.
FBK    | FB Financial Corporation
FBM    | Foundation Building Materials Inc.
FBP    | First BanCorp.
FC     | Franklin Covey Co.
FCAU   | Fiat Chrysler Automobiles N.V.
FCF    | First Commonwealth Financial Corporation
FCN    | FTI Consulting Inc.
FCPT   | Four Corners Property Trust Inc.
FCT    | First Trust Senior Floating Rate Income Fund II
FCX    | Freeport-McMoRan Inc.
FDEU   | First Trust Dynamic Europe Equity Income Fund
FDS    | FactSet Research Systems Inc.
FDX    | FedEx Corporation
FE     | FirstEnergy Corp.
FEDU   | Four Seasons Education (Cayman) Inc.
FEI    | First Trust MLP and Energy Income Fund
FENG   | Phoenix New Media Limited
FEO    | First Trust/Aberdeen Emerging Opportunity Fund
FET    | Forum Energy Technologies Inc.
FF     | FutureFuel Corp.
FFA    | First Trust Specialty Finance and Financial Opportunities Fund
FFC    | Flaherty & Crumrine Preferred Securities Income Fund Inc.
FFG    | FBL Financial Group Inc.
FG     | FGL Holdings
FGB    | First Trust Specialty Finance and Financial Opportunities Fund
FHI    | Federated Hermes Inc.
FHN    | First Horizon Corporation
FICO   | Fair Isaac Corporation
FIF    | First Trust Energy Infrastructure Fund
FIG    | Fortress Investment Group LLC
FIH    | FedNat Holding Company
FII    | Federated Investors Inc.
FINV   | FinVolution Group
FIS    | Fidelity National Information Services Inc.
FISV   | Fiserv Inc.
FIT    | Fitbit Inc.
FIX    | Comfort Systems USA Inc.
FL     | Foot Locker Inc.
FLC    | Flaherty & Crumrine Total Return Fund Inc.
FLNG   | Flex LNG Ltd.
FLO    | Flowers Foods Inc.
FLOW   | SPX FLOW Inc.
FLR    | Fluor Corporation
FLS    | Flowserve Corporation
FLT    | FLEETCOR Technologies Inc.
FLY    | Fly Leasing Limited
FMC    | FMC Corporation
FMN    | Federated Premier Municipal Income Fund
FMO    | Fiduciary/Claymore Energy Infrastructure Fund
FMS    | Fresenius Medical Care AG & Co. KGaA
FMX    | Fomento Economico Mexicano S.A.B. de C.V.
FMY    | First Trust/Fiduciary Asset Management Covered Call Fund
FN     | Fabrinet
FNB    | F.N.B. Corporation
FND    | Floor & Decor Holdings Inc.
FNF    | Fidelity National Financial Inc.
FNV    | Franco-Nevada Corporation
FOE    | Ferro Corporation
FOF    | Cohen & Steers Closed-End Opportunity Fund Inc.
FOR    | Forestar Group Inc.
FPF    | First Trust Intermediate Duration Preferred & Income Fund
FPH    | Five Point Holdings LLC
FPI    | Farmland Partners Inc.
FPL    | First Trust New Opportunities MLP & Energy Fund
FR     | First Industrial Realty Trust Inc.
FRA    | BlackRock Floating Rate Income Strategies Fund Inc.
FRC    | First Republic Bank
FRO    | Frontline Ltd.
FRT    | Federal Realty Investment Trust
FSB    | Franklin Financial Network Inc.
FSD    | First Trust High Income Long/Short Fund
FSK    | FS KKR Capital Corp.
FSLY   | Fastly Inc.
FSM    | Fortuna Silver Mines Inc.
FSS    | Federal Signal Corporation
FT     | Franklin Universal Trust
FTAI   | Fortress Transportation and Infrastructure Investors LLC
FTCH   | Farfetch Limited
FTI    | TechnipFMC plc
FTK    | Flotek Industries Inc.
FTV    | Fortive Corporation
FUL    | H.B. Fuller Company
FUN    | Cedar Fair L.P.
FVRR   | Fiverr International Ltd.
G      | Genpact Limited
GAB    | The Gabelli Equity Trust Inc.
GAM    | General American Investors Company Inc.
GATX   | GATX Corporation
GB     | Global Blue Group Holding AG
GBAB   | Guggenheim Taxable Municipal Bond & Investment Grade Debt Trust
GBL    | Gamco Investors Inc.
GBX    | The Greenbrier Companies Inc.
GCI    | Gannett Co. Inc.
GCO    | Genesco Inc.
GCV    | Gabelli Convertible and Income Securities Fund Inc.
GD     | General Dynamics Corporation
GDDY   | GoDaddy Inc.
GDL    | The GDV Alternative Value Fund Inc.
GDO    | Western Asset Global Corporate Defined Opportunity Fund Inc.
GDOT   | Green Dot Corporation
GDV    | The Gabelli Dividend & Income Trust
GE     | General Electric Company
GEF    | Greif Inc.
GEL    | Genesis Energy L.P.
GEN    | Genworth Financial Inc.
GEO    | The GEO Group Inc.
GER    | Goldman Sachs MLP Energy Infrastructure Fund
GES    | Guess? Inc.
GF     | New Germany Fund Inc.
GFF    | Griffon Corporation
GFI    | Gold Fields Limited
GFL    | GFL Environmental Inc.
GGB    | Gerdau S.A.
GGM    | Guggenheim Credit Allocation Fund
GGT    | The Gabelli Global Multimedia Trust Inc.
GGZ    | The Gabelli Global Small and Mid Cap Value Trust
GHC    | Graham Holdings Company
GHL    | Greenhill & Co. Inc.
GHM    | Graham Corporation
GHY    | PGIM Global High Yield Fund Inc.
GIB    | CGI Inc.
GIG    | GigCapital2 Inc.
GIL    | Gildan Activewear Inc.
GIM    | Templeton Global Income Fund
GIS    | General Mills Inc.
GJH    | STRATS Trust
GJO    | STRATS Trust
GJP    | STRATS Trust
GJR    | STRATS Trust
GJS    | STRATS Trust
GJT    | STRATS Trust
GKOS   | Glaukos Corporation
GL     | Globe Life Inc.
GLO    | Clough Global Opportunities Fund
GLOB   | Globant S.A.
GLP    | Global Partners LP
GLT    | Glatfelter Corporation
GLW    | Corning Incorporated
GM     | General Motors Company
GME    | GameStop Corp.
GMED   | Globus Medical Inc.
GMRE   | Global Medical REIT Inc.
GMS    | GMS Inc.
GMZ    | Goldman Sachs MLP Income Opportunities Fund
GNC    | GNC Holdings Inc.
GNE    | Genie Energy Ltd.
GNK    | Genco Shipping & Trading Limited
GNL    | Global Net Lease Inc.
GNRC   | Generac Holdings Inc.
GNT    | GAMCO Natural Resources Gold & Income Trust
GNW    | Genworth Financial Inc.
GOF    | Guggenheim Strategic Opportunities Fund
GOL    | Gol Linhas Aereas Inteligentes S.A.
GOLD   | Barrick Gold Corporation
GOLF   | Acushnet Holdings Corp.
GOOS   | Canada Goose Holdings Inc.
GPC    | Genuine Parts Company
GPI    | Group 1 Automotive Inc.
GPK    | Graphic Packaging Holding Company
GPM    | Guggenheim Enhanced Equity Income Fund
GPMT   | Granite Point Mortgage Trust Inc.
GPN    | Global Payments Inc.
GPOR   | Gulfport Energy Corporation
GPRK   | Geopark Ltd
GPS    | The Gap Inc.
GPX    | GP Strategies Corporation
GRA    | W.R. Grace & Co.
GRAM   | Grana y Montero S.A.A.
GROY   | Gold Royalty Corp.
GRUB   | Grubhub Inc.
GRX    | The Gabelli Healthcare & WellnessRx Trust
GS     | The Goldman Sachs Group Inc.
GSBD   | Goldman Sachs BDC Inc.
GSK    | GlaxoSmithKline plc
GSL    | Global Ship Lease Inc.
GT     | The Goodyear Tire & Rubber Company
GTES   | Gates Industrial Corporation plc
GTN    | Gray Television Inc.
GTS    | Triple-S Management Corporation
GTT    | GTT Communications Inc.
GTX    | Garrett Motion Inc.
GTY    | Getty Realty Corp.
GUT    | The Gabelli Utility Trust
GVA    | Granite Construction Incorporated
GWB    | Great Western Bancorp Inc.
GWR    | Genesee & Wyoming Inc.
GWRE   | Guidewire Software Inc.
GWW    | W.W. Grainger Inc.
H      | Hyatt Hotels Corporation
HAL    | Halliburton Company
HASI   | Hannon Armstrong Sustainable Infrastructure Capital Inc.
HAYN   | Haynes International Inc.
HBB    | Hamilton Beach Brands Holding Company
HBI    | Hanesbrands Inc.
HBM    | Hudbay Minerals Inc.
HCA    | HCA Healthcare Inc.
HCC    | Warrior Met Coal Inc.
HCFT   | Hunt Companies Finance Trust Inc.
HCHC   | HC2 Holdings Inc.
HCI    | HCI Group Inc.
HCN    | Welltower Inc.
HCP    | Healthpeak Properties Inc.
HD     | The Home Depot Inc.
HDB    | HDFC Bank Limited
HE     | Hawaiian Electric Industries Inc.
HEI    | HEICO Corporation
HEI.A  | HEICO Corporation
HEP    | Holly Energy Partners L.P.
HES    | Hess Corporation
HESM   | Hess Midstream LP
HEXO   | HEXO Corp.
HFC    | HollyFrontier Corporation
HFR    | Highland Income Fund
HGH    | The Hartford Financial Services Group Inc.
HGLB   | Highland Global Allocation Fund
HGT    | Hugoton Royalty Trust
HGV    | Hilton Grand Vacations Inc.
HHC    | The Howard Hughes Corporation
HI     | Hillenbrand Inc.
HIE    | Miller/Howard High Income Equity Fund
HIG    | The Hartford Financial Services Group Inc.
HII    | Huntington Ingalls Industries Inc.
HIL    | Hill International Inc.
HIO    | Western Asset High Income Opportunity Fund Inc.
HIW    | Highwoods Properties Inc.
HIX    | Western Asset High Income Fund II Inc.
HKIB   | AMTD International Inc.
HL     | Hecla Mining Company
HLF    | Herbalife Nutrition Ltd.
HLI    | Houlihan Lokey Inc.
HLT    | Hilton Worldwide Holdings Inc.
HLX    | Helix Energy Solutions Group Inc.
HMC    | Honda Motor Co. Ltd.
HMLP   | Hoegh LNG Partners LP
HMN    | Horace Mann Educators Corporation
HMY    | Harmony Gold Mining Company Limited
HNI    | HNI Corporation
HNP    | Huaneng Power International Inc.
HOG    | Harley-Davidson Inc.
HOME   | At Home Group Inc.
HON    | Honeywell International Inc.
HOS    | Hornbeck Offshore Services Inc.
HOV    | Hovnanian Enterprises Inc.
HP     | Helmerich & Payne Inc.
HPE    | Hewlett Packard Enterprise Company
HPF    | John Hancock Pfd Income Fund
HPI    | John Hancock Preferred Income Fund
HPP    | Hudson Pacific Properties Inc.
HPQ    | HP Inc.
HPR    | HighPoint Resources Corporation
HPS    | John Hancock Preferred Income Fund III
HQH    | Tekla Healthcare Investors
HQL    | Tekla Life Sciences Investors
HR     | Healthcare Realty Trust Incorporated
HRB    | H&R Block Inc.
HRC    | Hill-Rom Holdings Inc.
HRI    | Herc Holdings Inc.
HRL    | Hormel Foods Corporation
HRTG   | Heritage Insurance Holdings Inc.
HSBC   | HSBC Holdings plc
HSC    | Harsco Corporation
HST    | Host Hotels & Resorts Inc.
HSY    | The Hershey Company
HT     | Hersha Hospitality Trust
HTA    | Healthcare Trust of America Inc.
HTD    | John Hancock Tax-Advantaged Dividend Income Fund
HTGC   | Hercules Capital Inc.
HTH    | Hilltop Holdings Inc.
HTY    | John Hancock Tax-Advantaged Global Shareholder Yield Fund
HUBB   | Hubbell Incorporated
HUBS   | HubSpot Inc.
HUD    | Hudson Ltd.
HUM    | Humana Inc.
HUN    | Huntsman Corporation
HUYA   | HUYA Inc.
HVT    | Haverty Furniture Companies Inc.
HWM    | Howmet Aerospace Inc.
HXL    | Hexcel Corporation
HY     | Hyster-Yale Materials Handling Inc.
HYB    | New America High Income Fund Inc.
HYI    | Western Asset High Yield Defined Opportunity Fund Inc.
HYT    | BlackRock Corporate High Yield Fund Inc.
IAA    | IAA Inc.
IAE    | Voya Asia Pacific High Dividend Equity Income Fund
IAG    | Iamgold Corporation
IBA    | Industrias Bachoco S.A.B. de C.V.
IBM    | International Business Machines Corporation
IBN    | ICICI Bank Limited
IBP    | Installed Building Products Inc.
ICD    | Independence Contract Drilling Inc.
ICE    | Intercontinental Exchange Inc.
ICL    | ICL Group Ltd
IDA    | IDACORP Inc.
IDE    | Voya Infrastructure Industrial and Materials Fund
IDT    | IDT Corporation
IEX    | IDEX Corporation
IFF    | International Flavors & Fragrances Inc.
IFN    | The India Fund Inc.
IFS    | Intercorp Financial Services Inc.
IGA    | Voya Global Advantage and Premium Opportunity Fund
IGD    | Voya Global Equity Dividend and Premium Opportunity Fund
IGI    | Western Asset Investment Grade Defined Opportunity Trust Inc.
IGR    | CBRE Clarion Global Real Estate Income Fund
IGT    | International Game Technology PLC
IHC    | Independence Holding Company
IHD    | Voya Emerging Markets High Dividend Equity Fund
IHG    | InterContinental Hotels Group PLC
IHTA   | Invesco High Income Trust II
IID    | Voya International High Dividend Equity Income Fund
IIF    | Morgan Stanley India Investment Fund Inc.
IIM    | Invesco Value Municipal Income Trust
IIPR   | Innovative Industrial Properties Inc.
IMAX   | Imax Corporation
INB    | Cohen & Steers Global Income Builder Inc.
INF    | Brookfield Global Listed Infrastructure Income Fund Inc.
INFY   | Infosys Limited
ING    | ING Groep N.V.
INN    | Summit Hotel Properties Inc.
INSI   | Insight Select Income Fund
INSP   | Inspire Medical Systems Inc.
INST   | Instructure Inc.
INSW   | International Seaways Inc.
INT    | World Fuel Services Corporation
INVH   | Invitation Homes Inc.
IO     | Ion Geophysical Corporation
IP     | International Paper Company
IPG    | The Interpublic Group of Companies Inc.
IPHI   | Inphi Corporation
IPI    | Intrepid Potash Inc.
IQI    | Invesco Quality Municipal Income Trust
IQV    | IQVIA Holdings Inc.
IR     | Ingersoll Rand Inc.
IRET   | Investors Real Estate Trust
IRL    | The New Ireland Fund Inc.
IRM    | Iron Mountain Incorporated
IRR    | Voya Natural Resources Equity Income Fund
IRS    | IRSA Inversiones y Representaciones Sociedad Anonima
IRT    | Independence Realty Trust Inc.
IT     | Gartner Inc.
ITCB   | Itau CorpBanca
ITGR   | Integer Holdings Corporation
ITT    | ITT Inc.
ITUB   | Itau Unibanco Holding S.A.
ITW    | Illinois Tool Works Inc.
IVC    | Invacare Corporation
IVH    | Ivy High Income Opportunities Fund
IVR    | Invesco Mortgage Capital Inc.
IVZ    | Invesco Ltd.
IX     | ORIX Corporation
J      | Jacobs Engineering Group Inc.
JAX    | J. Alexander's Holdings Inc.
JBGS   | JBG SMITH Properties
JBL    | Jabil Inc.
JBN    | J. Jill Inc.
JBT    | John Bean Technologies Corporation
JCE    | Nuveen Core Equity Alpha Fund
JCI    | Johnson Controls International plc
JCO    | Nuveen Credit Opportunities 2022 Target Term Fund
JDD    | Nuveen Diversified Dividend and Income Fund
JE     | Just Energy Group Inc.
JEF    | Jefferies Financial Group Inc.
JELD   | JELD-WEN Holding Inc.
JEQ    | Japan Equity Fund Inc.
JFR    | Nuveen Floating Rate Income Fund
JGH    | Nuveen Global High Income Fund
JHA    | Nuveen High Income 2020 Target Term Fund
JHB    | Nuveen High Income November 2021 Target Term Fund
JHD    | Nuveen High Income December 2019 Target Term Fund
JHG    | Janus Henderson Group plc
JHI    | John Hancock Investors Trust
JHS    | John Hancock Income Securities Trust
JHX    | James Hardie Industries plc
JI     | Justice Investment
JKS    | JinkoSolar Holding Co. Ltd.
JLL    | Jones Lang LaSalle Incorporated
JLS    | Nuveen Mortgage Opportunity Term Fund
JMIA   | Jumia Technologies AG
JMM    | Nuveen Multi-Market Income Fund
JMP    | JMP Group LLC
JNJ    | Johnson & Johnson
JNPR   | Juniper Networks Inc.
JOE    | The St. Joe Company
JOF    | Japan Smaller Capitalization Fund Inc.
JPC    | Nuveen Preferred & Income Opportunities Fund
JPI    | Nuveen Preferred and Income Term Fund
JPM    | JPMorgan Chase & Co.
JPS    | Nuveen Preferred & Income Securities Fund
JPT    | Nuveen Preferred and Income 2022 Term Fund
JQC    | Nuveen Credit Strategies Income Fund
JRI    | Nuveen Real Asset Income and Growth Fund
JRO    | Nuveen Floating Rate Income Opportunity Fund
JRS    | Nuveen Real Estate Income Fund
JSD    | Nuveen Short Duration Credit Opportunities Fund
JT     | Jianpu Technology Inc.
JW.A   | John Wiley & Sons Inc.
JW.B   | John Wiley & Sons Inc.
JWN    | Nordstrom Inc.
K      | Kellogg Company
KAI    | Kadant Inc.
KAMN   | Kaman Corporation
KAR    | KAR Auction Services Inc.
KB     | KB Financial Group Inc.
KBH    | KB Home
KBR    | KBR Inc.
KD     | Kyndryl Holdings Inc.
KDP    | Keurig Dr Pepper Inc.
KE     | Kimball Electronics Inc.
KEP    | Korea Electric Power Corporation
KEX    | Kirby Corporation
KEY    | KeyCorp
KEYS   | Keysight Technologies Inc.
KF     | Korea Fund Inc.
KFS    | Kingsway Financial Services Inc.
KFY    | Korn Ferry
KGC    | Kinross Gold Corporation
KIM    | Kimco Realty Corporation
KKR    | KKR & Co. Inc.
KL     | Kirkland Lake Gold Ltd.
KMB    | Kimberly-Clark Corporation
KMF    | Kayne Anderson Midstream/Energy Fund Inc.
KMI    | Kinder Morgan Inc.
KMPR   | Kemper Corporation
KMT    | Kennametal Inc.
KMX    | CarMax Inc.
KN     | Knowles Corporation
KNL    | Knoll Inc.
KNOP   | KNOT Offshore Partners LP
KNSL   | Kinsale Capital Group Inc.
KNTK   | Kinetik Holdings Inc.
KO     | The Coca-Cola Company
KODK   | Eastman Kodak Company
KOF    | Coca-Cola FEMSA S.A.B. de C.V.
KOP    | Koppers Holdings Inc.
KOS    | Kosmos Energy Ltd.
KR     | The Kroger Co.
KRA    | Kraton Corporation
KRC    | Kilroy Realty Corporation
KREF   | KKR Real Estate Finance Trust Inc.
KRG    | Kite Realty Group Trust
KRO    | Kronos Worldwide Inc.
KRP    | Kimbell Royalty Partners LP
KS     | KapStone Paper and Packaging Corporation
KSM    | Scudder Strategic Municiple Income Trust
KSS    | Kohl's Corporation
KSU    | Kansas City Southern
KT     | KT Corporation
KTB    | Kontoor Brands Inc.
KTF    | Scudder Municiple Income Trust
KTH    | Lehman ABS Corp.
KW     | Kennedy-Wilson Holdings Inc.
KWR    | Quaker Chemical Corporation
KYN    | Kayne Anderson Energy Infrastructure Fund Inc.
L      | Loews Corporation
LAC    | Lithium Americas Corp.
LAD    | Lithia Motors Inc.
LADR   | Ladder Capital Corp
LAZ    | Lazard Ltd
LB     | L Brands Inc.
LBRT   | Liberty Oilfield Services Inc.
LC     | LendingClub Corporation
LCI    | Lannett Company Inc.
LCII   | LCI Industries
LDI    | loanDepot Inc.
LDOS   | Leidos Holdings Inc.
LEA    | Lear Corporation
LECO   | Lincoln Electric Holdings Inc.
LEG    | Leggett & Platt Incorporated
LEN    | Lennar Corporation
LEN.B  | Lennar Corporation
LEVI   | Levi Strauss & Co.
LFC    | China Life Insurance Company Limited
LFG    | L Financial Group
LFGR   | Leaf Group Ltd.
LGI    | Lazard Global Total Return and Income Fund Inc.
LH     | Laboratory Corporation of America Holdings
LHX    | L3Harris Technologies Inc.
II     | LII
LIN    | Linde plc
LITB   | LightInTheBox Holding Co. Ltd.
LL     | Lumber Liquidators Holdings Inc.
LLY    | Eli Lilly and Company
LM     | Legg Mason Inc.
LMA    | Legg Mason Inc.
LMHA   | Legg Mason Inc.
LMHB   | Legg Mason Inc.
LMT    | Lockheed Martin Corporation
LNC    | Lincoln National Corporation
LND    | Brasilagro - Companhia Brasileira de Propriedades Agricolas
LNN    | Lindsay Corporation
LOB    | Live Oak Bancshares Inc.
LPG    | Dorian LPG Ltd.
LPI    | Laredo Petroleum Inc.
LPL    | LG Display Co. Ltd.
LPT    | Liberty Property Trust
LPX    | Louisiana-Pacific Corporation
LUMN   | Lumen Technologies Inc.
LUV    | Southwest Airlines Co.
LVS    | Las Vegas Sands Corp.
LW     | Lamb Weston Holdings Inc.
LXFR   | Luxfer Holdings PLC
LXP    | Lexington Realty Trust
LXP.C  | Lexington Realty Trust
LXZ    | Li Auto Inc.
LYB    | LyondellBasell Industries N.V.
LYG    | Lloyds Banking Group plc
LYV    | Live Nation Entertainment Inc.
LZB    | La-Z-Boy Incorporated
M      | Macy's Inc.
MA     | Mastercard Incorporated
MAA    | Mid-America Apartment Communities Inc.
MAC    | Macerich Company
MAIN   | Main Street Capital Corporation
MAN    | ManpowerGroup Inc.
MANU   | Manchester United plc
MAS    | Masco Corporation
MATX   | Matson Inc.
MAV    | Pioneer Municipal High Income Advantage Trust
MAXR   | Maxar Technologies Inc.
MBI    | MBIA Inc.
MBT    | Mobile TeleSystems Public Joint Stock Company
MC     | Moelis & Company
MCA    | BlackRock MuniYield California Quality Fund, Inc.
MCB    | Metropolitan Bank Holding Corp.
MCC    | Medley Capital Corporation
MCD    | McDonald's Corporation
MCEF   | First Trust/Aberdeen Global Opportunity Income Fund
MCF    | Contango Oil & Gas Company
MCG    | Membership Collective Group Inc.
MCI    | MassMutual Corporate Investors
MCK    | McKesson Corporation
MCN    | Madison Covered Call & Equity Strategy Fund
MCO    | Moody's Corporation
MCP    | Molycorp, Inc.
MCR    | MFS Charter Income Trust
MCS    | Marcus Corporation
MCY    | Mercury General Corporation
MD     | Mednax, Inc.
MDC    | M.D.C. Holdings, Inc.
MDLA   | Medallia, Inc.
MDLY   | Medley Management Inc.
MDP    | Meredith Corporation
MDT    | Medtronic plc
MDU    | MDU Resources Group, Inc.
MEC    | Mayville Engineering Company, Inc.
MED    | Medifast, Inc.
MEG    | Montrose Environmental Group, Inc.
MEI    | Methode Electronics, Inc.
MEN    | BlackRock MuniEnhanced Fund, Inc.
MER.K  | Merrill Lynch & Co., Inc.
MER.P  | Merrill Lynch & Co., Inc.
MET    | MetLife, Inc.
MFA    | MFA Financial, Inc.
MFC    | Manulife Financial Corporation
MFD    | Macquarie/First Trust Global Infrastructure/Utilities Dividend & Income Fund
MFG    | Mizuho Financial Group, Inc.
MFM    | MFS Municipal Income Trust
MFO    | MFA Financial, Inc.
MFT    | BlackRock MuniYield Michigan Quality Fund II, Inc.
MFV    | MFS Special Value Trust
MG     | Mistras Group, Inc.
MGA    | Magna International Inc.
MGF    | MFS Government Markets Income Trust
MGM    | MGM Resorts International
MGP    | MGM Growth Properties LLC
MGR    | Affiliated Managers Group, Inc.
MGU    | Macquarie Global Infrastructure Total Return Fund Inc.
MHD    | BlackRock MuniHoldings Fund, Inc.
MHE    | Massachusetts Health & Education Tax-Exempt Trust
MHF    | Western Asset Municipal High Income Fund, Inc.
MHI    | Pioneer Municipal High Income Trust
MHK    | Mohawk Industries, Inc.
MHN    | BlackRock MuniHoldings New York Quality Fund, Inc.
MHNC   | Maiden Holdings, Ltd.
MHO    | M/I Homes, Inc.
MHR    | Magnum Hunter Resources Corporation
MHT    | BlackRock MuniHoldings Fund II, Inc.
MIC    | Macquarie Infrastructure Corporation
MIE    | Cohen & Steers MLP Income and Energy Opportunity Fund, Inc.
MIN    | MFS Intermediate Income Trust
MIO    | Pioneer Municipal High Income Advantage Trust
MITT   | AG Mortgage Investment Trust, Inc.
MIXT   | MiX Telematics Limited
MKC    | McCormick & Company, Incorporated
MKC.V  | McCormick & Company, Incorporated
MKL    | Markel Corporation
MLI    | Mueller Industries, Inc.
MLM    | Martin Marietta Materials, Inc.
MLP    | Maui Land & Pineapple Company, Inc.
MLR    | Miller Industries, Inc.
MMC    | Marsh & McLennan Companies, Inc.
MMD    | MainStay MacKay DefinedTerm Municipal Opportunities Fund
MMI    | Marcus & Millichap, Inc.
MMM    | 3M Company
MMP    | Magellan Midstream Partners, L.P.
MMS    | Maximus, Inc.
MMT    | MFS Multimarket Income Trust
MMU    | Western Asset Managed Municipals Fund Inc.
MN     | Manning & Napier, Inc.
MNE    | BlackRock Muni New York Intermediate Duration Fund, Inc.
MNP    | Western Asset Municipal Partners Fund Inc.
MNR    | Monmouth Real Estate Investment Corporation
MNRL   | Brigham Minerals, Inc.
MO     | Altria Group, Inc.
MOD    | Modine Manufacturing Company
MODN   | Model N, Inc.
MOGA.A | Moog Inc.
MOH    | Molina Healthcare, Inc.
MOS    | The Mosaic Company
MOV    | Movado Group, Inc.
MP     | MP Materials Corp.
MPA    | BlackRock MuniYield Pennsylvania Quality Fund
MPC    | Marathon Petroleum Corporation
MPLX   | MPLX LP
MPV    | MassMutual Participation Investors
MPW    | Medical Properties Trust, Inc.
MPX    | Marine Products Corporation
MQT    | BlackRock MuniYield Quality Fund II, Inc.
MQY    | BlackRock MuniYield Quality Fund III, Inc.
MR     | Montauk Renewables, Inc.
MRC    | MRC Global Inc.
MRK    | Merck & Co., Inc.
MRO    | Marathon Oil Corporation
MS     | Morgan Stanley
MSA    | MSA Safety Incorporated
MSB    | Mesabi Trust
MSC    | Studio City International Holdings Limited
MSCI   | MSCI Inc.
MSD    | Morgan Stanley Emerging Markets Debt Fund, Inc.
MSE    | MFS High Income Municipal Trust
MSGE   | Madison Square Garden Entertainment Corp.
MSGS   | Madison Square Garden Sports Corp.
MSI    | Motorola Solutions, Inc.
MSM    | MSC Industrial Direct Co., Inc.
MSP    | Datto Holding Corp.
MT     | ArcelorMittal
MTB    | M&T Bank Corporation
MTCN   | ArcelorMittal
MTD    | Mettler-Toledo International Inc.
MTDR   | Matador Resources Company
MTG    | MGIC Investment Corporation
MTH    | Meritage Homes Corporation
MTL    | Mechel PAO
MTN    | Vail Resorts, Inc.
MTOR   | Meritor, Inc.
MTR    | Mesa Royalty Trust
MTRN   | Materion Corporation
MTW    | The Manitowoc Company, Inc.
MTX    | Minerals Technologies Inc.
MTZ    | MasTec, Inc.
MUA    | BlackRock MuniAssets Fund, Inc.
MUB    | iShares National Muni Bond ETF
MUC    | BlackRock MuniHoldings California Quality Fund, Inc.
MUE    | BlackRock MuniHoldings Quality Fund II, Inc.
MUH    | BlackRock MuniHoldings Fund II, Inc.
MUI    | BlackRock Municipal Income Fund, Inc.
MUJ    | BlackRock MuniHoldings New Jersey Quality Fund, Inc.
MUR    | Murphy Oil Corporation
MUS    | BlackRock MuniHoldings Quality Fund, Inc.
MUSA   | Murphy USA Inc.
MUX    | McEwen Mining Inc.
MVC    | MVC Capital, Inc.
MVF    | MFS High Income Municipal Trust
MVO    | MV Oil Trust
MVT    | BlackRock MuniVest Fund II, Inc.
MWA    | Mueller Water Products, Inc.
MX     | MagnaChip Semiconductor Corporation
MXE    | The Mexico Equity and Income Fund, Inc.
MXF    | The Mexico Fund, Inc.
MXL    | MaxLinear, Inc.
MYC    | BlackRock MuniYield California Fund, Inc.
MYD    | BlackRock MuniYield Fund, Inc.
MYE    | Myers Industries, Inc.
MYI    | BlackRock MuniYield Quality Fund, Inc.
MYJ    | BlackRock MuniYield New Jersey Fund, Inc.
MYN    | BlackRock MuniYield New York Quality Fund, Inc.
MYOV   | Myovant Sciences Ltd.
MZF    | Managed Duration Investment Grade Municipal Fund
N      | Netsuite Inc.
NAC    | Nuveen California Quality Municipal Income Fund
NAD    | Nuveen Quality Municipal Income Fund
NAN    | Nuveen New York Quality Municipal Income Fund
NAPA   | The Duckhorn Portfolio, Inc.
NAT    | Nordic American Tankers Limited
NAV    | Navistar International Corporation
NAZ    | Nuveen Arizona Quality Municipal Income Fund
NBB    | Nuveen Build America Bond Fund
NBHC   | National Bank Holdings Corporation
NBR    | Nabors Industries Ltd.
NC     | NACCO Industries, Inc.
NCA    | Nuveen California Municipal Value Fund, Inc.
NCB    | Nuveen California Municipal Value Fund 2
NCLH   | Norwegian Cruise Line Holdings Ltd.
NCR    | NCR Corporation
NCS    | NCI Building Systems, Inc.
NCV    | AllianzGI Convertible & Income Fund
NCZ    | AllianzGI Convertible & Income Fund II
NDP    | Tortoise Energy Independence Fund, Inc.
NE     | Noble Corporation
NEE    | NextEra Energy, Inc.
NEM    | Newmont Corporation
NEP    | NextEra Energy Partners, LP
NET    | Cloudflare, Inc.
NEU    | NewMarket Corporation
NEV    | Nuveen Enhanced Municipal Value Fund
NFG    | National Fuel Gas Company
NFJ    | AllianzGI NFJ Dividend, Interest & Premium Strategy Fund
NFLX   | Netflix, Inc.
NG     | Novagold Resources Inc.
NGA    | Northern Genesis Acquisition Corp.
NGG    | National Grid plc
NGL    | NGL Energy Partners LP
NGS    | Natural Gas Services Group, Inc.
NGVC   | Natural Grocers by Vitamin Cottage, Inc.
NGVT   | Ingevity Corporation
NHF    | NexPoint Strategic Opportunities Fund
NHI    | National Health Investors, Inc.
NI     | NiSource Inc.
NID    | Nuveen Intermediate Duration Municipal Term Fund
NIE    | AllianzGI Equity & Convertible Income Fund
NIM    | Nuveen Select Maturities Municipal Fund
NINE   | Nine Energy Service, Inc.
NIO    | NIO Inc.
NIQ    | Nuveen Intermediate Duration Quality Municipal Term Fund
NJR    | New Jersey Resources Corporation
NKE    | NIKE, Inc.
NKG    | Nuveen Georgia Quality Municipal Income Fund
NKX    | Nuveen California AMT-Free Quality Municipal Income Fund
NL     | NL Industries, Inc.
NLS    | Nautilus, Inc.
NLSN   | Nielsen Holdings plc
NLY    | Annaly Capital Management, Inc.
NM     | Navios Maritime Holdings Inc.
NMAI   | Nuveen Multi-Asset Income Fund
NMCO   | Nuveen Municipal Credit Opportunities Fund
NMI    | Nuveen Municipal Income Fund, Inc.
NMK    | Nuveen New York AMT-Free Quality Municipal Income Fund
NMM    | Navios Maritime Partners L.P.
NMN    | Nuveen Maryland Quality Municipal Income Fund
NMO    | Nuveen Municipal Opportunity Fund, Inc.
NMR    | Nomura Holdings, Inc.
NMS    | Nuveen Minnesota Quality Municipal Income Fund
NMT    | Nuveen Massachusetts Quality Municipal Income Fund
NMY    | Nuveen Maryland Quality Municipal Income Fund
NNA    | Navios Maritime Acquisition Corporation
NNC    | Nuveen North Carolina Quality Municipal Income Fund
NNI    | Nelnet, Inc.
NNN    | National Retail Properties, Inc.
NNY    | Nuveen New York Municipal Value Fund, Inc.
NOA    | North American Construction Group Ltd.
NOAH   | Noah Holdings Limited
NOC    | Northrop Grumman Corporation
NOK    | Nokia Corporation
NOM    | Nuveen Missouri Quality Municipal Income Fund
NOMD   | Nomad Foods Limited
NOV    | NOV Inc.
NOW    | ServiceNow, Inc.
NP     | Neenah, Inc.
NPK    | National Presto Industries, Inc.
NPN    | Nuveen Pennsylvania Quality Municipal Income Fund
NPO    | EnPro Industries, Inc.
NPTN   | NeoPhotonics Corporation
NQP    | Nuveen Pennsylvania Quality Municipal Income Fund
NR     | Newpark Resources, Inc.
NREF   | NexPoint Real Estate Finance, Inc.
NRG    | NRG Energy, Inc.
NRK    | Nuveen New York AMT-Free Quality Municipal Income Fund
NRP    | Natural Resource Partners L.P.
NRT    | North European Oil Royalty Trust
NRZ    | New Residential Investment Corp.
NS     | NuStar Energy L.P.
NSA    | National Storage Affiliates Trust
NSC    | Norfolk Southern Corporation
NSCO   | NESCO Holdings, Inc.
NSL    | Nuveen Senior Income Fund
NSP    | Insperity, Inc.
NSS    | NuStar Logistics, L.P.
NTB    | The Bank of N.T. Butterfield & Son Limited
NTCO   | Natura &Co Holding S.A.
NTEST  | NASDAQ TEST STOCK
NTP    | Nam Tai Property Inc.
NTR    | Nutrien Ltd.
NTST   | NetSTREIT Corp.
NTZ    | Natuzzi S.p.A.
NU     | Nu Holdings Ltd.
NUE    | Nucor Corporation
NUM    | Nuveen Michigan Quality Municipal Income Fund
NUO    | Nuveen Ohio Quality Municipal Income Fund
NUS    | Nu Skin Enterprises, Inc.
NUV    | Nuveen Municipal Value Fund, Inc.
NUW    | Nuveen AMT-Free Quality Municipal Income Fund
NVG    | Nuveen AMT-Free Municipal Credit Income Fund
NVGS   | Navigator Holdings Ltd.
NVO    | Novo Nordisk A/S
NVR    | NVR, Inc.
NVRO   | Nevro Corp.
NVS    | Novartis AG
NVST   | Envista Holdings Corporation
NVT    | nVent Electric plc
NVTA   | Invitae Corporation
NW     | The New York Times Company
NWE    | NorthWestern Corporation
NWG    | NatWest Group plc
NWL    | Newell Brands Inc.
NWN    | Northwest Natural Holding Company
NX     | Quanex Building Products Corporation
NXC    | Nuveen California Select Tax-Free Income Portfolio
NXDT   | NexPoint Diversified Real Estate Trust
NXJ    | Nuveen New Jersey Quality Municipal Income Fund
NXN    | Nuveen New York Select Tax-Free Income Portfolio
NXP    | Nuveen Select Tax-Free Income Portfolio
NXQ    | Nuveen Select Tax-Free Income Portfolio II
NXR    | Nuveen Select Tax-Free Income Portfolio III
NXRT   | NexPoint Residential Trust, Inc.
NYCB   | New York Community Bancorp, Inc.
NYT    | The New York Times Company
NYV    | Nuveen New York Municipal Value Fund 2
NZF    | Nuveen Municipal Credit Income Fund
O      | Realty Income Corporation
OC     | Owens Corning
OCFT   | OneConnect Financial Technology Co., Ltd.
OCI    | OCI Partners LP
OCN    | Ocwen Financial Corporation
ODC    | Oil-Dri Corporation of America
OEC    | Orion Engineered Carbons S.A.
OEF    | iShares S&P 100 ETF
OFC    | Corporate Office Properties Trust
OFG    | OFG Bancorp
OGE    | OGE Energy Corp.
OGN    | Organon & Co.
OGS    | ONE Gas, Inc.
OHI    | Omega Healthcare Investors, Inc.
OI     | O-I Glass, Inc.
OIA    | Invesco Municipal Income Opportunities Trust
OIB.C  | Oi S.A.
OII    | Oceaneering International, Inc.
OIS    | Oil States International, Inc.
OKE    | ONEOK, Inc.
OLN    | Olin Corporation
OLP    | One Liberty Properties, Inc.
OMC    | Omnicom Group Inc.
OMF    | OneMain Holdings, Inc.
OMI    | Owens & Minor, Inc.
ON     | ON Semiconductor Corporation
ONDK   | On Deck Capital, Inc.
ONE    | OneSmart International Education Group Limited
ONTO   | Onto Innovation Inc.
OOMA   | Ooma, Inc.
OPY    | Oppenheimer Holdings Inc.
ORA    | Ormat Technologies, Inc.
ORAN   | Orange S.A.
ORC    | Orchid Island Capital, Inc.
ORCC   | Owl Rock Capital Corporation
ORCL   | Oracle Corporation
ORI    | Old Republic International Corporation
ORN    | Orion Group Holdings, Inc.
OSB    | Norbord Inc.
OSG    | Overseas Shipholding Group, Inc.
OSH    | Oak Street Health, Inc.
OSK    | Oshkosh Corporation
OTIS   | Otis Worldwide Corporation
OVV    | Ovintiv Inc.
OXM    | Oxford Industries, Inc.
OXY    | Occidental Petroleum Corporation
PAA    | Plains All American Pipeline, L.P.
PAC    | Grupo Aeroportuario del Pacifico, S.A.B. de C.V.
PAG    | Penske Automotive Group, Inc.
PAGS   | PagSeguro Digital Ltd.
PAH    | Platform Specialty Products Corporation
PAI    | Pacific American Income Shares, Inc.
PAM    | Pampa Energia S.A.
PAR    | PAR Technology Corporation
PARR   | Par Pacific Holdings, Inc.
PAYC   | Paycom Software, Inc.
PB     | Prosperity Bancshares, Inc.
PBA    | Pembina Pipeline Corporation
PBF    | PBF Energy Inc.
PBFX   | PBF Logistics LP
PBH    | Prestige Consumer Healthcare Inc.
PBI    | Pitney Bowes Inc.
PBR    | Petroleo Brasileiro S.A. - Petrobras
PBR.A  | Petroleo Brasileiro S.A. - Petrobras
PBT    | Permian Basin Royalty Trust
PCF    | High Income Securities Fund
PCG    | PG&E Corporation
PCK    | PIMCO California Municipal Income Fund II
PCM    | PCM Fund, Inc.
PCN    | PIMCO Corporate & Income Opportunity Fund
PCQ    | PIMCO California Municipal Income Fund
PDI    | PIMCO Dynamic Income Fund
PDM    | Piedmont Office Realty Trust, Inc.
PDO    | PIMCO Dynamic Income Opportunities Fund
PDS    | Precision Drilling Corporation
PDT    | John Hancock Premium Dividend Fund
PE     | Parsley Energy, Inc.
PEAK   | Healthpeak Properties, Inc.
PEB    | Pebblebrook Hotel Trust
PEG    | Public Service Enterprise Group Incorporated
PEI    | Pennsylvania Real Estate Investment Trust
PEN    | Penumbra, Inc.
PEO    | Adams Natural Resources Fund, Inc.
PER    | SandRidge Permian Trust
PFD    | Flaherty & Crumrine Preferred Income Fund Inc.
PFE    | Pfizer Inc.
PFGC   | Performance Food Group Company
PFL    | PIMCO Income Strategy Fund
PFN    | PIMCO Income Strategy Fund II
PFO    | Flaherty & Crumrine Preferred Income Opportunity Fund Inc.
PFS    | Provident Financial Services, Inc.
PFSI   | PennyMac Financial Services, Inc.
PG     | The Procter & Gamble Company
PGP    | PIMCO Global StocksPLUS & Income Fund
PGR    | The Progressive Corporation
PGRE   | Paramount Group, Inc.
PGS    | PIMCO Global StocksPLUS & Income Fund
PGTI   | PGT Innovations, Inc.
PGZ    | Principal Real Estate Income Fund
PH     | Parker-Hannifin Corporation
PHD    | Pioneer Floating Rate Trust
PHG    | Koninklijke Philips N.V.
PHI    | PLDT Inc.
PHK    | PIMCO High Income Fund
PHM    | PulteGroup, Inc.
PHR    | Phreesia, Inc.
PHT    | Pioneer High Income Trust
PHX    | Panhandle Oil and Gas Inc.
PII    | Polaris Inc.
PIM    | Putnam Master Intermediate Income Trust
PINE   | Alpine Income Property Trust, Inc.
PINS   | Pinterest, Inc.
PIPR   | Piper Sandler Companies
PJT    | PJT Partners Inc.
PK     | Park Hotels & Resorts Inc.
PKE    | Park Electrochemical Corp.
PKG    | Packaging Corporation of America
PKI    | PerkinElmer, Inc.
PKO    | PIMCO Income Opportunity Fund
PKX    | POSCO
PL     | Planet Labs PBC
PLD    | Prologis, Inc.
PLNT   | Planet Fitness, Inc.
PLOW   | Douglas Dynamics, Inc.
PLT    | Plantronics, Inc.
PLTR   | Palantir Technologies Inc.
PLYM   | Plymouth Industrial REIT, Inc.
PM     | Philip Morris International Inc.
PMF    | PIMCO Municipal Income Fund
PML    | PIMCO California Municipal Income Fund II
PMM    | Putnam Managed Municipal Income Trust
PMO    | Putnam Municipal Opportunities Trust
PMT    | PennyMac Mortgage Investment Trust
PMX    | PIMCO Municipal Income Fund III
PNC    | The PNC Financial Services Group, Inc.
PNF    | PIMCO New York Municipal Income Fund
PNI    | PIMCO New York Municipal Income Fund II
PNM    | PNM Resources, Inc.
PNR    | Pentair plc
PNW    | Pinnacle West Capital Corporation
PODD   | Insulet Corporation
POR    | Portland General Electric Company
POST   | Post Holdings, Inc.
PPG    | PPG Industries, Inc.
PPL    | PPL Corporation
PPR    | Voya Prime Rate Trust
PPT    | Putnam Premier Income Trust
PPX    | PPL Capital Funding, Inc.
PQG    | PQ Group Holdings Inc.
PRA    | ProAssurance Corporation
PRE    | PartnerRe Ltd.
PRG    | PROG Holdings, Inc.
PRGO   | Perrigo Company plc
PRI    | Primerica, Inc.
PRK    | Park National Corporation
PRLB   | Proto Labs, Inc.
PRMW   | Primo Water Corporation
PRO    | PROS Holdings, Inc.
PROS   | ProSight Global, Inc.
PRS    | Prudential Financial, Inc.
PRT    | PermRock Royalty Trust
PRU    | Prudential Financial, Inc.
PSA    | Public Storage
PSB    | PS Business Parks, Inc.
PSE    | Prospect Capital Corporation
PSF    | Cohen & Steers Select Preferred and Income Fund, Inc.
PSO    | Pearson plc
PSTG   | Pure Storage, Inc.
PSTL   | Postal Realty Trust, Inc.
PSX    | Phillips 66
PSXP   | Phillips 66 Partners LP
PTR    | PetroChina Company Limited
PTY    | PIMCO Corporate & Income Opportunity Fund
PUK    | Prudential Public Limited Company
PUMP   | ProPetro Holding Corp.
PVG    | Pretium Resources Inc.
PVH    | PVH Corp.
PVL    | Permianville Royalty Trust
PWR    | Quanta Services, Inc.
PXD    | Pioneer Natural Resources Company
PYN    | PIMCO New York Municipal Income Fund III
PYS    | PIMCO Strategic Income Fund, Inc.
PYT    | PIMCO Corporate & Income Strategy Fund
PZC    | PIMCO California Municipal Income Fund III
PZE    | Petrobras Argentina S.A.
PZN    | Pzena Investment Management, Inc.
Q      | Quintiles IMS Holdings, Inc.
QEP    | QEP Resources, Inc.
QGEN   | Qiagen N.V.
QSR    | Restaurant Brands International Inc.
QTWO   | Q2 Holdings, Inc.
QUAD   | Quad/Graphics, Inc.
QUOT   | Quotient Technology Inc.
R      | Ryder System, Inc.
RA     | Brookfield Real Assets Income Fund Inc.
RACE   | Ferrari N.V.
RAD    | Rite Aid Corporation
RAMP   | LiveRamp Holdings, Inc.
RBA    | Ritchie Bros. Auctioneers Incorporated
RBC    | RBC Bearings Incorporated
RBS    | The Royal Bank of Scotland Group plc
RC     | Ready Capital Corporation
RCA    | Ready Capital Corporation
RCI    | Rogers Communications Inc.
RCL    | Royal Caribbean Cruises Ltd.
RCS    | RCM Strategic Global Government Fund, Inc.
RD.A   | Royal Dutch Shell plc
RD.B   | Royal Dutch Shell plc
RDN    | Radian Group Inc.
RDY    | Dr. Reddy's Laboratories Limited
RE     | Everest Re Group, Ltd.
REG    | Regency Centers Corporation
RELX   | RELX PLC
RENN   | Renren Inc.
RES    | RPC, Inc.
REV    | Revlon, Inc.
REVG   | REV Group, Inc.
REX    | REX American Resources Corporation
REXR   | Rexford Industrial Realty, Inc.
REZI   | Resideo Technologies, Inc.
RF     | Regions Financial Corporation
RFI    | Cohen & Steers Total Return Realty Fund, Inc.
RFP    | Resolute Forest Products Inc.
RGA    | Reinsurance Group of America, Incorporated
RGR    | Sturm, Ruger & Company, Inc.
RGS    | Regis Corporation
RGT    | Royce Global Value Trust, Inc.
RH     | RH
RHI    | Robert Half International Inc.
RIG    | Transocean Ltd.
RIO    | Rio Tinto Group
RIV    | RiverNorth Opportunities Fund, Inc.
RJF    | Raymond James Financial, Inc.
RKT    | Rocket Companies, Inc.
RL     | Ralph Lauren Corporation
RLGY   | Realogy Holdings Corp.
RLI    | RLI Corp.
RLJ    | RLJ Lodging Trust
RM     | Regional Management Corp.
RMAX   | RE/MAX Holdings, Inc.
RMD    | ResMed Inc.
RMED   | Ra Medical Systems, Inc.
RMG    | Romeo Power, Inc.
RMI    | RiverNorth Managed Duration Municipal Income Fund, Inc.
RMM    | RiverNorth Managed Duration Municipal Income Fund, Inc.
RMNI   | Rimini Street, Inc.
RMP    | Rice Midstream Partners LP
RMT    | Royce Micro-Cap Trust, Inc.
RNG    | RingCentral, Inc.
RNP    | Cohen & Steers REIT and Preferred Income Fund, Inc.
RNR    | RenaissanceRe Holdings Ltd.
ROG    | Rogers Corporation
ROIC   | Retail Opportunity Investments Corp.
ROK    | Rockwell Automation, Inc.
ROL    | Rollins, Inc.
ROP    | Roper Technologies, Inc.
ROYT   | Pacific Coast Oil Trust
RPAI   | Retail Properties of America, Inc.
RPM    | RPM International Inc.
RPT    | RPT Realty
RQI    | Cohen & Steers Quality Income Realty Fund, Inc.
RRC    | Range Resources Corporation
RRD    | R.R. Donnelley & Sons Company
RS     | Reliance Steel & Aluminum Co.
RSF    | RiverNorth Marketplace Lending Corporation
RSG    | Republic Services, Inc.
RSO    | Resource Capital Corp.
RSPP   | RSP Permian, Inc.
RT     | Ruby Tuesday, Inc.
RTP    | Rio Tinto Group
RTX    | Raytheon Technologies Corporation
RUBI   | The Rubicon Project, Inc.
RVI    | Retail Value Inc.
RVLV   | Revolve Group, Inc.
RVT    | Royce Value Trust, Inc.
RWT    | Redwood Trust, Inc.
RXN    | Rexnord Corporation
RY     | Royal Bank of Canada
RYAM   | Rayonier Advanced Materials Inc.
RYI    | Ryerson Holding Corporation
RYN    | Rayonier Inc.
RZB    | Reinsurance Group of America, Incorporated
RZB.P  | Reinsurance Group of America, Incorporated
S      | SentinelOne, Inc.
SA     | Seabridge Gold Inc.
SAFE   | Safehold Inc.
SAH    | Sonic Automotive, Inc.
SAIC   | Science Applications International Corporation
SAIL   | SailPoint Technologies Holdings, Inc.
SALT   | Scorpio Bulkers Inc.
SAM    | The Boston Beer Company, Inc.
SAN    | Banco Santander, S.A.
SAND   | Sandstorm Gold Ltd.
SAP    | SAP SE
SAR    | Saratoga Investment Corp.
SAVE   | Spirit Airlines, Inc.
SB     | Safe Bulkers, Inc.
SBA    | SBA Communications Corporation
SBBA   | Scorpio Bulkers Inc.
SBC    | Sabadell United Bank
SBH    | Sally Beauty Holdings, Inc.
SBI    | Western Asset Intermediate Muni Fund Inc.
SBOW   | SilverBow Resources, Inc.
SBR    | Sabine Royalty Trust
SBS    | Companhia de Saneamento Basico do Estado de Sao Paulo - SABESP
SC     | Santander Consumer USA Holdings Inc.
SCCO   | Southern Copper Corporation
SCD    | LMP Capital and Income Fund Inc.
SCE    | Southern California Edison Company
SCHW   | The Charles Schwab Corporation
SCI    | Service Corporation International
SCL    | Stepan Company
SCM    | Stellus Capital Investment Corporation
SCS    | Steelcase Inc.
SCU    | Sculptor Capital Management, Inc.
SCX    | The L.S. Starrett Company
SD     | SandRidge Energy, Inc.
SDRL   | Seadrill Limited
SE     | Sea Limited
SEAS   | SeaWorld Entertainment, Inc.
SEE    | Sealed Air Corporation
SEM    | Select Medical Holdings Corporation
SFL    | SFL Corporation Ltd.
SFS    | Smart & Final Stores, Inc.
SFUN   | Fang Holdings Limited
SGU    | Star Group, L.P.
SHAK   | Shake Shack Inc.
SHG    | Shinhan Financial Group Co., Ltd.
SHI    | Sinopec Shanghai Petrochemical Company Limited
SHLX   | Shell Midstream Partners, L.P.
SHO    | Sunstone Hotel Investors, Inc.
SHOP   | Shopify Inc.
SHW    | The Sherwin-Williams Company
SID    | Companhia Siderurgica Nacional
SIG    | Signet Jewelers Limited
SIJB   | Silvergate Capital Corporation
SITC   | SITE Centers Corp.
SITE   | SiteOne Landscape Supply, Inc.
SIX    | Six Flags Entertainment Corporation
SJM    | The J.M. Smucker Company
SJR    | Shaw Communications Inc.
SJT    | San Juan Basin Royalty Trust
SJW    | SJW Group
SKM    | SK Telecom Co., Ltd.
SKT    | Tanger Factory Outlet Centers, Inc.
SKX    | Skechers U.S.A., Inc.
SKY    | Skyline Champion Corporation
SLB    | Schlumberger Limited
SLCA   | U.S. Silica Holdings, Inc.
SLF    | Sun Life Financial Inc.
SLG    | SL Green Realty Corp.
SLQT   | SelectQuote, Inc.
SM     | SM Energy Company
SMAR   | Smartsheet Inc.
SMG    | The Scotts Miracle-Gro Company
SMHI   | SEACOR Marine Holdings Inc.
SMLP   | Summit Midstream Partners, LP
SMM    | Salient Midstream & MLP Fund
SMP    | Standard Motor Products, Inc.
SNA    | Snap-on Incorporated
SNAP   | Snap Inc.
SNDR   | Schneider National, Inc.
SNE    | Sony Corporation
NN     | NextNav Inc.
SNN    | Smith & Nephew plc
SNP    | China Petroleum & Chemical Corporation
SNR    | New Senior Investment Group Inc.
SNV    | Synovus Financial Corp.
SNX    | SYNNEX Corporation
SO     | The Southern Company
SOGO   | Sogou Inc.
SOI    | Solaris Oilfield Infrastructure, Inc.
SOJB   | Southern Company
SOJC   | Southern Company
SOJD   | Southern Company
SOJE   | Southern Company
SOL    | ReneSola Ltd
SON    | Sonoco Products Company
SOR    | Source Capital, Inc.
SOS    | SOS Limited
SPB    | Spectrum Brands Holdings, Inc.
SPCE   | Virgin Galactic Holdings, Inc.
SPE    | Special Opportunities Fund, Inc.
SPG    | Simon Property Group, Inc.
SPGI   | S&P Global Inc.
SPH    | Suburban Propane Partners, L.P.
SPLP   | Steel Partners Holdings L.P.
SPOT   | Spotify Technology S.A.
SPR    | Spirit AeroSystems Holdings, Inc.
SPXC   | SPX Corporation
SPXX   | Nuveen S&P 500 Dynamic Overwrite Fund
SQ     | Square, Inc.
SQM    | Sociedad Quimica y Minera de Chile S.A.
SQNS   | Sequans Communications S.A.
SR     | Spire Inc.
SRC    | Spirit Realty Capital, Inc.
SRE    | Sempra Energy
SRG    | Seritage Growth Properties
SRI    | Stoneridge, Inc.
SRL    | Sculptor Capital Management, Inc.
SRT    | StarTek, Inc.
SRV    | The Cushing Renaissance Fund
SSD    | Simpson Manufacturing Co., Inc.
SSL    | Sasol Limited
SSTK   | Shutterstock, Inc.
ST     | Sensata Technologies Holding plc
STAG   | STAG Industrial, Inc.
STAR   | iStar Inc.
STC    | Stewart Information Services Corporation
STE    | STERIS plc
STG    | Sunlands Technology Group
STI    | SunTrust Banks, Inc.
STK    | Columbia Seligman Premium Technology Growth Fund, Inc.
STL    | Sterling Bancorp
STM    | STMicroelectronics N.V.
STN    | Stantec Inc.
STNG   | Scorpio Tankers Inc.
STT    | State Street Corporation
STWD   | Starwood Property Trust, Inc.
STZ    | Constellation Brands, Inc.
SU     | Suncor Energy Inc.
SUI    | Sun Communities, Inc.
SUM    | Summit Materials, Inc.
SUN    | Sunoco LP
SUP    | Superior Industries International, Inc.
SUPV   | Grupo Supervielle S.A.
SUZ    | Suzano S.A.
SWCH   | Switch, Inc.
SWI    | SolarWinds Corporation
SWK    | Stanley Black & Decker, Inc.
SWM    | Schweitzer-Mauduit International, Inc.
SWN    | Southwestern Energy Company
SWT    | Stanley Black & Decker, Inc.
SWX    | Southwest Gas Holdings, Inc.
SWZ    | The Swiss Helvetia Fund, Inc.
SXC    | SunCoke Energy, Inc.
SXCP   | SunCoke Energy Partners, L.P.
SXI    | Standex International Corporation
SXT    | Sensient Technologies Corporation
SYF    | Synchrony Financial
SYK    | Stryker Corporation
SYX    | Systemax Inc.
SYY    | Sysco Corporation
SZC    | Cushing Renaissance Fund
T      | AT&T Inc.
TAC    | TransAlta Renewables Inc.
TAK    | Takeda Pharmaceutical Company Limited
TAL    | TAL Education Group
TAP    | Molson Coors Beverage Company
TARO   | Taro Pharmaceutical Industries Ltd.
TBB    | AT&T Inc.
TBC    | AT&T Inc.
TBI    | TrueBlue, Inc.
TC     | TuanChe Limited
TCA    | Trust for Professional Managers - T. Rowe Price Capital Appreciation Fund
TCF    | TCF Financial Corporation
TCI    | Transcontinental Realty Investors, Inc.
TCO    | Taubman Centers, Inc.
TCP    | TC PipeLines, LP
TCRD   | THL Credit, Inc.
TCS    | The Container Store Group, Inc.
TD     | The Toronto-Dominion Bank
TDA    | Telephone and Data Systems, Inc.
TDC    | Teradata Corporation
TDE    | Telephone and Data Systems, Inc.
TDF    | Templeton Dragon Fund, Inc.
TDG    | TransDigm Group Incorporated
TDI    | Telephone and Data Systems, Inc.
TDJ    | Telephone and Data Systems, Inc.
TDOC   | Teladoc Health, Inc.
TDS    | Telephone and Data Systems, Inc.
TDW    | Tidewater Inc.
TDY    | Teledyne Technologies Incorporated
TECK   | Teck Resources Limited
TEF    | Telefonica, S.A.
TEI    | Templeton Emerging Markets Income Fund
TEL    | TE Connectivity Ltd.
TEN    | Tenneco Inc.
TEO    | Telecom Argentina S.A.
TER    | Teradyne, Inc.
TEX    | Terex Corporation
TFC    | Truist Financial Corporation
TFII   | TFI International Inc.
TFX    | Teleflex Incorporated
TG     | Tredegar Corporation
TGH    | Textainer Group Holdings Limited
TGI    | Triumph Group, Inc.
TGNA   | TEGNA Inc.
TGP    | Teekay LNG Partners L.P.
TGS    | Transportadora de Gas del Sur S.A.
TGT    | Target Corporation
THC    | Tenet Healthcare Corporation
THG    | The Hanover Insurance Group, Inc.
THO    | Thor Industries, Inc.
THQ    | Tekla Healthcare Opportunities Fund
THR    | Thermon Group Holdings, Inc.
THS    | TreeHouse Foods, Inc.
THW    | Tekla World Healthcare Fund
TIF    | Tiffany & Co.
TII    | Teleflex Incorporated
TIMB   | TIM S.A.
TISI   | Team, Inc.
TJX    | The TJX Companies, Inc.
TK     | Teekay Corporation
TKC    | Turkcell Iletisim Hizmetleri A.S.
TKR    | The Timken Company
TLK    | P.T. Telekomunikasi Indonesia Tbk
TLRD   | Tailored Brands, Inc.
TLYS   | Tilly's, Inc.
TM     | Toyota Motor Corporation
TMH    | Team Health Holdings, Inc.
TMHC   | Taylor Morrison Home Corporation
TMO    | Thermo Fisher Scientific Inc.
TMST   | TimkenSteel Corporation
TMX    | Terminix Global Holdings, Inc.
TNC    | Tennant Company
TNET   | TriNet Group, Inc.
TNK    | Teekay Tankers Ltd.
TNP    | Tsakos Energy Navigation Limited
TOL    | Toll Brothers, Inc.
TOT    | Total SE
TPB    | Turning Point Brands, Inc.
TPC    | Tutor Perini Corporation
TPH    | Tri Pointe Homes, Inc.
TPL    | Texas Pacific Land Corporation
TPR    | Tapestry, Inc.
TPRE   | Third Point Reinsurance Ltd.
TPVG   | TriplePoint Venture Growth BDC Corp.
TPX    | Tempur Sealy International, Inc.
TPZ    | Tortoise Power and Energy Infrastructure Fund, Inc.
TR     | Tootsie Roll Industries, Inc.
TRC    | Tejon Ranch Co.
TREC   | Trean Insurance Group, Inc.
TREX   | Trex Company, Inc.
TRGP   | Targa Resources Corp.
TRI    | Thomson Reuters Corporation
TRN    | Trinity Industries, Inc.
TRNO   | Terreno Realty Corporation
TROX   | Tronox Holdings plc
TRP    | TC Energy Corporation
TRQ    | Turquoise Hill Resources Ltd.
TRTN   | Triton International Limited
TRTX   | TPG RE Finance Trust, Inc.
TRU    | TransUnion
TRV    | The Travelers Companies, Inc.
TRW    | TRW Automotive Holdings Corp.
TS     | Tenaris S.A.
TSE    | Trinseo S.A.
TSI    | TCW Strategic Income Fund, Inc.
TSM    | Taiwan Semiconductor Manufacturing Company Limited
TSN    | Tyson Foods, Inc.
TSQ    | Townsquare Media, Inc.
TTC    | The Toro Company
TTI    | TETRA Technologies, Inc.
TTM    | Tata Motors Limited
TTP    | Tortoise Pipeline & Energy Fund, Inc.
TU     | TELUS Corporation
TUP    | Tupperware Brands Corporation
TV     | Grupo Televisa, S.A.B.
TVC    | Tennessee Valley Authority
TVE    | Tennessee Valley Authority
TW     | Tradeweb Markets Inc.
TWI    | Titan International, Inc.
TWLO   | Twilio Inc.
TWN    | Taiwan Fund, Inc.
TWO    | Two Harbors Investment Corp.
TWTR   | Twitter, Inc.
TX     | Ternium S.A.
TXT    | Textron Inc.
TY     | Tri-Continental Corporation
TY.P   | Tri-Continental Corporation
TYG    | Tortoise Energy Infrastructure Corporation
TYL    | Tyler Technologies, Inc.
U      | Unity Software Inc.
UA     | Under Armour, Inc.
UAA    | Under Armour, Inc.
UAL    | United Airlines Holdings, Inc.
UAM    | U.S. Global Investors Funds - Global Resources Fund
UAN    | CVR Partners, LP
UBA    | Urstadt Biddle Properties Inc.
UBER   | Uber Technologies, Inc.
UBP    | Urstadt Biddle Properties Inc.
UBS    | UBS Group AG
UDR    | UDR, Inc.
UE     | Urban Edge Properties
UFI    | Unifi, Inc.
UFS    | Domtar Corporation
UGI    | UGI Corporation
UGP    | Ultrapar Participacoes S.A.
UHS    | Universal Health Services, Inc.
UHT    | Universal Health Realty Income Trust
UI     | Ubiquiti Inc.
UIS    | Unisys Corporation
UK     | Useless Knowledge
UL     | Unilever PLC
UMC    | United Microelectronics Corporation
UMH    | UMH Properties, Inc.
UN     | Unilever PLC
UNF    | UniFirst Corporation
UNH    | UnitedHealth Group Incorporated
UNM    | Unum Group
UNP    | Union Pacific Corporation
UNT    | Unit Corporation
UNVR   | Univar Solutions Inc.
UPS    | United Parcel Service, Inc.
URI    | United Rentals, Inc.
USA    | Liberty All-Star Equity Fund
USAC   | USA Compression Partners, LP
USB    | U.S. Bancorp
USDP   | USD Partners LP
USFD   | US Foods Holding Corp.
USG    | USG Corporation
USM    | United States Cellular Corporation
USNA   | USANA Health Sciences, Inc.
USPH   | U.S. Physical Therapy, Inc.
USX    | U.S. Xpress Enterprises, Inc.
UTI    | Universal Technical Institute, Inc.
UTL    | UNITIL Corporation
UTX    | United Technologies Corporation
UVE    | Universal Insurance Holdings, Inc.
UVV    | Universal Corporation
UWA    | The United States Waraq
V      | Visa Inc.
VAC    | Marriott Vacations Worldwide Corporation
VAL    | Valaris Limited
VALE   | Vale S.A.
VAR    | Varian Medical Systems, Inc.
VBF    | Invesco Bond Fund
VC     | Visteon Corporation
VCC    | Visteon Corporation
VCIF   | Vertical Capital Income Fund
VCO    | Vina Concha y Toro S.A.
VCR    | Vanguard Consumer Discretionary ETF
VCRA   | Vocera Communications, Inc.
VCV    | Invesco California Value Municipal Income Trust
VEC    | Vectrus, Inc.
VEDL   | Vedanta Limited
VEEV   | Veeva Systems Inc.
VEL    | Velocity Financial, Inc.
VER    | VEREIT, Inc.
VET    | Vermilion Energy Inc.
VFC    | V.F. Corporation
VG     | Vonage Holdings Corp.
VGI    | Virtus Global Multi-Sector Income Fund
VGM    | Invesco Trust for Investment Grade Municipals
VGR    | Vector Group Ltd.
VHI    | Valhi, Inc.
VICI   | VICI Properties Inc.
VIPS   | Vipshop Holdings Limited
VIV    | Telefonica Brasil S.A.
VKQ    | Invesco Municipal Trust
VLO    | Valero Energy Corporation
VLRS   | Controladora Vuela Compania de Aviacion, S.A.B. de C.V.
VLT    | Invesco High Income Trust II
VMC    | Vulcan Materials Company
VMI    | Valmont Industries, Inc.
VMO    | Invesco Municipal Opportunity Trust
VMW    | VMware, Inc.
VNCE   | Vince Holding Corp.
VNE    | Veoneer, Inc.
VNO    | Vornado Realty Trust
VNT    | Vontier Corporation
VNTR   | Venator Materials PLC
VOC    | VOC Energy Trust
VOYA   | Voya Financial, Inc.
VPV    | Invesco Pennsylvania Value Municipal Income Trust
VRS    | Verso Corporation
VRTV   | Veritiv Corporation
VSAT   | Viasat, Inc.
VSH    | Vishay Intertechnology, Inc.
VSLR   | Vivint Solar, Inc.
VSM    | Versum Materials, Inc.
VST    | Vistra Corp.
VSTO   | Vista Outdoor Inc.
VTA    | Invesco Dynamic Credit Opportunities Fund
VTN    | Invesco Trust for Investment Grade New York Municipals
VTR    | Ventas, Inc.
VTS    | Vitesse Energy, Inc.
VVI    | Viad Corp
VVV    | Valvoline Inc.
VZ     | Verizon Communications Inc.
W      | Wayfair Inc.
WAB    | Westinghouse Air Brake Technologies Corporation
WALA   | Western Alliance Bancorporation
WAL    | Western Alliance Bancorporation
WAT    | Waters Corporation
WBS    | Webster Financial Corporation
WCC    | WESCO International, Inc.
WCN    | Waste Connections, Inc.
WD     | Walker & Dunlop, Inc.
WDC    | Western Digital Corporation
WDFC   | WD-40 Company
WDR    | Waddell & Reed Financial, Inc.
WEC    | WEC Energy Group, Inc.
WEI    | Weidai Ltd.
WELL   | Welltower Inc.
WES    | Western Midstream Partners, LP
WEX    | WEX Inc.
WF     | Woof
WFC    | Wells Fargo & Company
WGO    | Winnebago Industries, Inc.
WH     | Wyndham Hotels & Resorts, Inc.
WHD    | Cactus, Inc.
WHG    | Westwood Holdings Group, Inc.
WHR    | Whirlpool Corporation
WIA    | Western Asset Inflation-Linked Income Fund
WII    | Western Asset Inflation-Linked Opportunities & Income Fund
WIT    | Wipro Limited
WIW    | Western Asset Inflation-Linked Opportunities & Income Fund
WK     | Workiva Inc.
WLH    | William Lyon Homes
WLK    | Westlake Chemical Corporation
WLKP   | Westlake Chemical Partners LP
WLL    | Whiting Petroleum Corporation
WM     | Waste Management, Inc.
WMB    | The Williams Companies, Inc.
WMC    | Western Asset Mortgage Capital Corporation
WMK    | Weis Markets, Inc.
WMS    | Advanced Drainage Systems, Inc.
WMT    | Walmart Inc.
WNC    | Wabash National Corporation
WNS    | WNS (Holdings) Limited
WOR    | Worthington Industries, Inc.
WOW    | WideOpenWest, Inc.
WP     | Worldpay, Inc.
WPC    | W. P. Carey Inc.
WPG    | Washington Prime Group Inc.
WPM    | Wheaton Precious Metals Corp.
WPP    | WPP plc
WPX    | WPX Energy, Inc.
WRB    | W.R. Berkley Corporation
WRK    | WestRock Company
WSM    | Williams-Sonoma, Inc.
WSO    | Watsco, Inc.
WSO.B  | Watsco, Inc.
WSR    | Whitestone REIT
WST    | West Pharmaceutical Services, Inc.
WT     | WisdomTree Investments, Inc.
WTI    | W&T Offshore, Inc.
WTM    | White Mountains Insurance Group, Ltd.
WTR    | Aqua America, Inc.
WTRG   | Essential Utilities, Inc.
WTS    | Watts Water Technologies, Inc.
WTTR   | Select Energy Services, Inc.
WU     | The Western Union Company
WWD    | Woodward, Inc.
WWW    | Wolverine World Wide, Inc.
WY     | Weyerhaeuser Company
WYND   | Wyndham Destinations, Inc.
X      | United States Steel Corporation
XAN    | Exantas Capital Corp.
XEC    | Cimarex Energy Co.
XEL    | Xcel Energy Inc.
XFLT   | XAI Octagon Floating Rate & Alternative Income Term Trust
XHR    | Xenia Hotels & Resorts, Inc.
XIN    | Xinyuan Real Estate Co., Ltd.
XOM    | Exxon Mobil Corporation
XON    | Intrexon Corporation
XPEV   | XPeng Inc.
XPO    | XPO Logistics, Inc.
XRF    | China Rapid Finance Limited
XRM    | Xenia Hotels & Resorts, Inc.
XRS    | Xenia Hotels & Resorts, Inc.
XRX    | Xerox Holdings Corporation
XYF    | X Financial
XYL    | Xylem Inc.
Y      | Alleghany Corporation
YELP   | Yelp Inc.
YETI   | YETI Holdings, Inc.
YEXT   | Yext, Inc.
YGE    | Yingli Green Energy Holding Company Limited
YGR    | Yield10 Bioscience, Inc.
YI     | 111, Inc.
YMAB   | Y-mAbs Therapeutics, Inc.
YPF    | YPF Sociedad Anonima
YRD    | Yirendai Ltd.
YUM    | Yum! Brands, Inc.
YUMC   | Yum China Holdings, Inc.
Z      | Zillow Group, Inc.
ZAYO   | Zayo Group Holdings, Inc.
ZBH    | Zimmer Biomet Holdings, Inc.
ZBK    | Zions Bancorporation, N.A.
ZBRA   | Zebra Technologies Corporation
ZEN    | Zendesk, Inc.
ZEUS   | Olympic Steel, Inc.
ZG     | Zillow Group, Inc.
ZI     | ZoomInfo Technologies Inc.
ZION   | Zions Bancorporation, N.A.
ZIP    | ZipRecruiter, Inc.
ZM     | Zoom Video Communications, Inc.
ZNH    | China Southern Airlines Company Limited
ZTO    | ZTO Express (Cayman) Inc.
ZTR    | Virtus Total Return Fund Inc.
ZTS    | Zoetis Inc.
ZUO    | Zuora, Inc.
ZYME   | Zymeworks Inc.
AAPL   | Apple Inc.
ABNB   | Airbnb, Inc.
ACGL   | Arch Capital Group Ltd.
ADBE   | Adobe Inc.
ADI    | Analog Devices, Inc.
ADP    | Automatic Data Processing
ADSK   | Autodesk, Inc.
AKAM   | Akamai Technologies, Inc.
ALGN   | Align Technology
AMAT   | Applied Materials, Inc.
AMD    | Advanced Micro Devices
AMGN   | Amgen Inc.
AMZN   | Amazon.com Inc.
ANSS   | ANSYS Inc.
APA    | APA Corporation
ASML   | ASML Holding
ATVI   | Activision Blizzard
AVGO   | Broadcom Inc.
AXON   | Axon Enterprise, Inc.
BALL   | Ball Corporation
BBWI   | Bath & Body Works, Inc.
BIIB   | Biogen Inc.
BKNG   | Booking Holdings
CCI    | Crown Castle Inc.
CDNS   | Cadence Design Systems
CDW    | CDW Corporation
CEG    | Constellation Energy
CHRW   | C.H. Robinson Worldwide
CHTR   | Charter Communications
CINF   | Cincinnati Financial
CMCSA  | Comcast Corp.
CME    | CME Group Inc.
CPRT   | Copart Inc.
CSCO   | Cisco Systems Inc.
CSGP   | CoStar Group, Inc.
CSX    | CSX Corp.
CTAS   | Cintas Corp.
CTSH   | Cognizant Technology
CTXS   | Citrix Systems
CZR    | Caesars Entertainment
DDOG   | Datadog Inc.
DLTR   | Dollar Tree
DOCU   | DocuSign Inc.
DXCM   | DexCom Inc.
EA     | Electronic Arts
EBAY   | eBay Inc.
EG     | Everest Re Group
ELV    | Elevance Health
ENPH   | Enphase Energy
EQIX   | Equinix, Inc.
ETSY   | Etsy, Inc.
EXPD   | Expeditors International
EXPE   | Expedia Group
FAST   | Fastenal Company
FB     | Meta Platforms Inc.
FFIV   | F5, Inc.
FITB   | Fifth Third Bancorp
FOX    | Fox Corporation (Class B)
FOXA   | Fox Corporation (Class A)
FSLR   | First Solar, Inc.
FTNT   | Fortinet Inc.
GEHC   | GE HealthCare
GILD   | Gilead Sciences
GOOG   | Alphabet Inc. Class C
GOOGL  | Alphabet Inc. Class A
GRMN   | Garmin Ltd.
HAS    | Hasbro, Inc.
HBAN   | Huntington Bancshares
HOLX   | Hologic, Inc.
HSIC   | Henry Schein, Inc.
IDXX   | IDEXX Laboratories
ILMN   | Illumina Inc.
INCY   | Incyte Corporation
INTC   | Intel Corp.
INTU   | Intuit Inc.
ISRG   | Intuitive Surgical
JBHT   | J.B. Hunt Transport
JD     | JD.com Inc.
JKHY   | Jack Henry & Associates
KHC    | Kraft Heinz Co.
KLAC   | KLA Corp.
LKQ    | LKQ Corporation
LMCK   | Liberty Media Formula One
LNT    | Alliant Energy
LOPE   | Grand Canyon Education
LOW    | Lowe's Companies
LRCX   | Lam Research
LULU   | Lululemon Athletica
MAR    | Marriott International
MCHP   | Microchip Technology
MDLZ   | Mondelez International
MELI   | MercadoLibre Inc.
META   | Meta Platforms Inc.
MKTX   | MarketAxess Holdings
MNST   | Monster Beverage
MPWR   | Monolithic Power Systems
MRNA   | Moderna, Inc.
MRVL   | Marvell Technology
MSFT   | Microsoft Corporation
MTCH   | Match Group, Inc.
MU     | Micron Technology
MXIM   | Maxim Integrated (merged)
NDAQ   | Nasdaq, Inc.
NDSN   | Nordson Corporation
NTAP   | NetApp, Inc.
NTES   | NetEase Inc.
NTRS   | Northern Trust
NVDA   | NVIDIA Corporation
NWS    | News Corp (Class B)
NWSA   | News Corp (Class A)
NXPI   | NXP Semiconductors
ODFL   | Old Dominion Freight Line
OG     | Organon & Co.
OKTA   | Okta Inc.
OMN    | Omnicom Group
ORGAN  | Organon (duplicate check)
ORLY   | O'Reilly Automotive
PANW   | Palo Alto Networks
PARA   | Paramount Global
PAYX   | Paychex Inc.
PCAR   | PACCAR Inc
PDD    | PDD Holdings
PEP    | PepsiCo Inc.
PFG    | Principal Financial Group
POOL   | Pool Corporation
PTON   | Peloton Interactive
PYPL   | PayPal Holdings
QCOM   | Qualcomm Inc.
QRVO   | Qorvo, Inc.
REGN   | Regeneron Pharmaceuticals
ROST   | Ross Stores
SBAC   | SBA Communications
SBUX   | Starbucks Corp.
SEDG   | SolarEdge Technologies
SGEN   | Seagen Inc.
SIRI   | Sirius XM Holdings
SNPS   | Synopsys Inc.
SPLK   | Splunk Inc.
STX    | Seagate Technology
SWKS   | Skyworks Solutions
TCOM   | Trip.com Group
TEAM   | Atlassian Corp
TECH   | Bio-Techne Corp
TMUS   | T-Mobile US
TRMB   | Trimble Inc.
TROW   | T. Rowe Price Group
TSCO   | Tractor Supply Company
TSLA   | Tesla Inc.
TT     | Trane Technologies
TTWO   | Take-Two Interactive
TXN    | Texas Instruments
ULTA   | Ulta Beauty
VRSK   | Verisk Analytics
VRSN   | VeriSign Inc.
VRTX   | Vertex Pharmaceuticals
VTRS   | Viatris Inc.
WBA    | Walgreens Boots Alliance
WBD    | Warner Bros. Discovery
WTW    | Willis Towers Watson
WYNN   | Wynn Resorts
XLNX   | Xilinx (merged)
XRAY   | Dentsply Sirona
XY     | Xylos Corporation (check context)
ZS     | Zscaler Inc.